"","WM115","WM1205Lu","WM266-4","WM793"
"A0FGR8",530.01732564549,233.892695230608,214.10771450487,635.725395360252
"O00154",301.325,774.941666666666,277.084285714285,348.070454545454
"O00159",2761.0043475092,3156.49081141464,2779.03605908211,2523.56031084428
"O00161",300.910044885198,319.092996801455,156.90866354225,167.942314876548
"O00186",563.901586251754,323.496328780911,469.625151515152,255.676666666667
"O00231",321.629528490114,184.731562974048,188.383431752069,326.60299257425
"O00232",410.878333333334,338.855100039423,341.527611095622,526.353096654551
"O00299",1864.07117312139,1784.12070719728,1583.32255211771,1423.35602793512
"O00303",225.535,349.372777777778,170.075,236.27
"O00410",502.473971806238,506.060048586197,588.66821918138,415.911434352082
"O00487",403.788328338563,289.568843610158,318.632257661401,330.628495442255
"O00505",208.222060537301,158.132136683277,297.347584329885,211.396451020494
"O00560",623.86315660157,531.896156225646,882.048284555005,319.824698910556
"O00571",784.050414246885,490.401014610197,487.878095136025,598.954788803582
"O00629",195.563184688518,327.009617014078,184.030432228315,273.3265344201
"O00764",369.435,192.740544201254,349.787561050951,208.507738452269
"O14578",2049.11019983571,2807.79565634746,2599.81297358031,4607.03184604393
"O14579",307.165,269.023571428571,99.6689705901512,299.304234547996
"O14617",393.987045008762,234.133447103889,190.9975,287.700158581156
"O14672",101.629679910804,77.2197144480595,89.3462553872619,83.4275738799413
"O14744",330.292380999002,140.501139441037,278.531106092158,153.723333333333
"O14818",291.478016458331,279.137199864372,307.351715363632,417.687495178763
"O14828",236.39,94.545,133.695,185.075
"O14908",342.501125687455,602.060444326479,269.639523809523,225.9
"O14974",265.791313259351,76.395,224.204223231224,154.188333333334
"O14980",535.415,407.145,338.110411162352,378.588333333333
"O15067",211.78,67.5483333333333,285.562148724041,97.65
"O15143",489.685047129458,648.084056245294,492.029545454546,643.438320606774
"O15144",680.595714285715,702.236527376768,491.141604865736,553.066984160329
"O15145",198.111004064688,354.74232421159,233.738444240488,234.207052463177
"O15162",93.335,101.055,107.89,138.375
"O15260",229.966312421339,406.982415109202,144.482407387707,522.280840414738
"O15371",156.002931400839,372.620489968267,138.8707596382,289.937582177608
"O15427",186.359618631509,324.938294558834,274.961905498403,344.429510646657
"O15498",160.176113073177,108.186220916217,120.544858622034,246.57313383517
"O15554",339.703482433383,261.769273022165,170.58963477822,214.11780069787
"O43175",1087.75864334094,224.597539144585,1246.68443601213,253.731173248516
"O43242",278.125465812873,306.456403557701,231.418793259791,418.551531864539
"O43324",103.280309276711,151.911677644748,75.9,112.495
"O43390",376.769545454545,255.783181818182,132.977936970385,445.971111111111
"O43396",70.495,168.504285714286,77.9409558369372,90.595
"O43491",985.494810549946,1834.02099318871,733.485878978292,1152.09394038616
"O43681",175.18903709931,56.7954653690407,256.166262452703,121.87
"O43707",4773.94704756096,5881.70828319057,4998.26642775795,5335.19948483317
"O43776",914.131183589355,299.67813377829,593.178796005064,306.550491303011
"O43795",1176.22214203923,793.570508144167,1338.33663568162,2753.32122287363
"O43852",669.315128641759,1021.32232020315,249.905716078965,1341.039280008
"O43865",526.891762519349,341.964394431581,616.654417652129,272.087002320015
"O60488",429.400487165645,587.602815789606,135.752190700089,238.676801505114
"O60506",897.506551724138,447.5175,491.403608334121,716.308939393939
"O60568",203.58509849375,537.946563437659,174.162799851341,925.041987474001
"O60664",151.9,437.843000912611,123.81,104.818333333333
"O60701",165.31,397.770955051786,171.867779158478,284.470557628729
"O60716",1275.03485942608,1120.94595955061,1004.77276700376,819.432550654107
"O60763",44.3,144.481014543029,150.896425044888,126.296946948453
"O60814",171.04272496748,540.255212097931,130.034715838204,602.561938784488
"O60841",259.36,293.098242484178,88.974471895721,159.465
"O60884",105.151876774005,175.77,104.74417217039,190.450182136635
"O60888",94.7735783401979,55.92,88.595,59.225
"O75083",1601.85622903951,1359.21940804837,1382.60034672433,1106.09470889312
"O75116",467.189686694866,302.953380954101,655.197809799216,329.303095219938
"O75131",487.754765053803,528.471604250975,291.322626854017,606.702948414526
"O75165",330.68,175.6785625271,230.386846940491,169.656466695573
"O75340",157.082450651686,297.302415433093,78.4733333333334,155.275730661008
"O75534",414.745294117647,178.08288814988,212.18,154.980392093863
"O75663",82.15,54.87,28.115,72.6870244901618
"O75695",107.502381434846,122.314203844172,127.577907234227,95.2872920152898
"O75874",656.309577960581,509.806122106912,505.885339380425,574.99127644567
"O75955",556.683887581098,245.340254148377,484.42383947353,57.39
"O76071",46.13,43.98,53.5783333333333,50.025
"O76094",145.61,143.551143043485,92.695,162.8
"O94804",334.60947557869,411.211670473987,535.408335569943,366.440715004814
"O94919",383.01,181.875526245418,165.273054454215,320.576785888288
"O94973",524.045605143344,660.498700130674,417.473690101174,470.55712960788
"O95232",106.505,89.345,72.29,197.75
"O95239",397.688804793737,1856.06947428821,1586.29713647413,1469.02142292254
"O95373",756.002025490452,753.316945344318,718.584896855903,842.690857477227
"O95433",228.926666666667,155.288333333333,110.651666666667,152.035
"O95573",154.92,695.444929469008,153.178346573428,866.937753268987
"O95747",172.904230239066,224.526666666667,176.150424960708,119.292388011277
"O95782",670.160298226212,384.425721985014,458.193799971696,689.999846046732
"O95819",320.529699245295,709.942128485633,157.234143769288,151.90358186585
"P00338",3625.06736552106,2044.06894746168,2912.83438004912,2343.75126430626
"P00387",200.547857142857,144.352622777142,96.4830839909974,274.44232965321
"P00441",303.15,192.31,151.468333333334,266.869761904762
"P00491",153.93793530992,159.873891678563,136.500003138383,166.683367960424
"P00558",2524.36296865592,1822.42270825436,2650.05657087876,1682.036317054
"P00568",136.69,72.58,140.761640582376,251.372026553938
"P01111",594.591604140288,431.208131103988,404.249906360548,399.823578699696
"P02533",471.718267775077,665.04328581728,1196.57581434886,1719.29529411747
"P02545",995.982806170505,1813.55954895965,857.285728031015,2430.81372467116
"P02751",7787.65648389975,8977.0560715423,8051.5358794847,9224.7233633686
"P02768",257.019928409782,356.063352459431,368.278037193675,552.816736783423
"P02786",985.338261802585,298.503201823842,681.145351719116,550.06658369551
"P04075",2735.90902391709,1917.4240753373,2580.3937876882,1738.57952084627
"P04083",2334.8247193546,1598.75127600701,1445.07667322046,2445.00610218448
"P04264",3402.62138841409,3306.95885724236,4221.7119293847,4030.29757036225
"P04271",607.663076923077,260.803333333334,343.892142857143,360.961211880375
"P04406",9837.13128217346,7490.12368656039,8126.9916449508,7369.70335193492
"P04632",477.210714285715,716.808991085177,731.762337451014,301.912117381225
"P04792",279.795,497.713351227079,320.226386542919,345.245388309343
"P04843",241.634232529679,697.008519079534,342.39703426368,938.567460202271
"P04844",284.375,393.963895504568,341.834482432581,902.524231792874
"P04899",2803.43381333097,2563.15513896488,2402.82901499352,2532.3044171815
"P05023",6767.29541974809,5235.60522222474,6215.04525231985,4380.84095086454
"P05106",713.637066951829,1122.19394334421,669.171882737522,1123.89135962513
"P05141",226.808081568349,291.795436946845,250.493624996512,502.563716250828
"P05198",493.603400314275,368.174454666036,330.621892031854,421.759633451081
"P05362",915.31337283056,1652.714087599,602.531865223273,1011.82606419665
"P05386",364.221666666666,371.782496638322,180.932650514088,222.110047582256
"P05387",278.455,634.180454022557,183.116428571428,445.462532467532
"P05388",505.051188955292,686.546519026527,545.981854449804,806.926294752906
"P05455",194.955,236.160705102328,244.828917005162,540.156526247112
"P05556",1327.51880892775,2626.32076326336,1436.84399815704,1515.29910788874
"P06396",2397.04571463039,1427.28464627016,2949.06334092485,1231.08919213728
"P06576",1043.01124815259,1678.55811378373,654.722737429293,2578.56958715607
"P06703",53.04,68.17503882955,44.845,187.712216090772
"P06733",8765.43731681189,3798.09315623729,8043.27424716015,3913.14746895173
"P06737",777.459615384616,521.134344752468,649.897857142857,418.016467895315
"P06744",1304.54483169181,795.060597308545,1800.88643477081,653.576792164863
"P06748",527.693922188369,873.685854345867,594.659011130223,1024.45656385832
"P06756",1745.766397173,2199.19103067683,1282.58982509644,2100.49967250141
"P07093",3893.21944609283,2604.66398474877,1911.52314047545,2947.14854649698
"P07099",72.495,101.295862597144,142.295915067841,203.80091848255
"P07195",1673.85605046107,1700.22454730426,1721.52297647358,1448.89403184752
"P07237",1147.57372218002,1583.27675602885,1464.82950948118,1961.34332465231
"P07339",689.560112543722,299.72369528889,296.961463607406,531.520245370595
"P07355",4775.54979495651,4873.39643995021,3371.1276185936,4336.88057477559
"P07384",311.222727272728,222.121722913625,284.679643182792,209.148008753779
"P07437",3750.97170500694,3472.60605069197,4891.14575434623,3769.97575731319
"P07602",45.375,74.6232682343505,40.1521968632008,103.306590589603
"P07737",1558.86245067685,1505.85190659408,1704.39004003451,1375.16566006575
"P07741",322.645418536761,149.126449951491,285.098207137583,247.886375215991
"P07814",1109.00935120529,1064.91345622127,859.282158161538,920.963282040841
"P07858",536.15857602979,267.284330958507,159.240035050498,238.177516333214
"P07900",4355.83098871104,3746.60718463063,3901.5368992809,3538.82612478247
"P07910",258.778555194385,462.002347799571,108.376481377974,618.296879500771
"P07942",679.108495167445,861.919948812671,328.772230609448,1228.74478699259
"P07954",232.22,294.668946336422,361.485670014275,598.561651008739
"P08107",1390.32941762028,1518.21646275665,1287.39439425379,1520.59810424664
"P08133",1417.58206708378,2594.13397541491,993.870489579081,2858.96064778913
"P08134",549.300869565217,555.516848653474,546.182777777778,440.071153846154
"P08195",2368.98932544196,1913.58253549279,2003.22132697398,1783.29637212496
"P08238",4715.49940171505,4069.66655919049,4004.29339769212,4015.21855244717
"P08243",288.28,529.329525204291,220.527828557983,153.677072913469
"P08582",584.471829157947,2307.08596542639,819.164709031711,879.430977751541
"P08648",197.865,231.878285661909,298.265266289585,155.525
"P08670",2875.05203379636,3757.030587945,2342.02879899409,2773.46846028286
"P08754",2377.68433595738,1891.82372188932,2011.99297811299,1571.94387507072
"P08758",3655.74264245211,2269.18153537785,2987.5142831602,2169.74864371359
"P08865",567.10097342405,624.282034295791,514.89037959549,702.249783595374
"P09211",1016.70682725299,1148.85141537059,1025.5397864986,1152.9745698802
"P09382",818.2475,1027.78219296573,1073.90930317619,1001.69166666667
"P09525",1747.56507350004,1347.97733402663,1124.20532022885,1113.6424254404
"P09543",1132.50505951039,1109.79028946293,1438.89632448649,1377.57939107781
"P09972",718.371314304095,582.314901231689,698.80574803689,517.11435340994
"P0CW22",545.819615384616,552.589473684211,293.933636363637,493.17
"P10155",307.971614034969,117.369404882994,164.296604341486,274.027977856575
"P10301",172.13,372.065599113086,134.568333333333,317.31
"P10644",256.799369790068,150.849102870808,289.51648800308,126.74701399329
"P10768",373.130555555555,306.9575,503.715263157894,272.778571428571
"P10809",1734.9572304941,2499.89828607841,1092.08082701885,3207.53928068771
"P11021",1847.64310258756,3963.81429722227,2228.27525583825,3054.41513080113
"P11047",250.948021842739,446.900663283155,152.538238829907,772.918625150259
"P11142",5069.14026705534,4241.80167164537,5073.42354636031,3785.8934316453
"P11166",406.88782609482,410.538746344916,235.023885283299,454.563149406774
"P11216",1998.17854815971,3272.21392531354,1137.34466045675,2772.81191007812
"P11233",433.925420307225,587.32402182546,409.961268504652,526.557456772108
"P11234",470.744103992382,605.280714832568,474.486994862335,531.807661613967
"P11279",172.85571498923,61.685,106.225,74.94
"P11413",725.90238343724,537.941365686259,718.710290451485,625.567094223089
"P11586",1245.70752652224,852.762824825664,1859.48805878807,848.636918074964
"P11717",288.377544444157,170.088968673273,86.8183333333335,711.073361913455
"P11766",265.971666666666,371.047238256201,289.966388888889,419.966861112076
"P11940",652.630142125619,884.263214979606,474.434671881857,779.562933958879
"P12004",486.13,474.230039282001,778.008095593244,611.809769600274
"P12081",65.415,184.551884494349,79.0219437891424,198.649475774943
"P12236",181.040287505801,326.966501606358,140.882544441034,605.240982995661
"P12268",1114.82219225216,880.801091073577,1473.86517182833,886.272283738133
"P12814",5325.6418371409,4988.58311226908,5487.05394850424,4839.80044416606
"P12955",442.650457225242,109.676514981121,621.06225833443,126.452131949248
"P12956",510.814348854273,647.605937162341,303.729638270888,897.520328588259
"P13010",385.831428571428,455.232384749721,263.225818704931,581.829548039032
"P13473",171.641283642679,136.584384619237,112.150277118755,195.251823175376
"P13489",626.7925,1013.0178401731,1136.99845559467,746.300815832947
"P13612",325.586108232233,1273.05103129733,381.495986951683,996.978179306418
"P13639",3961.60777111268,3997.30063243817,3977.32145324343,4234.56587829892
"P13645",3469.274847667,3776.35571339091,4705.18579133119,5360.15603263822
"P13667",920.371731159895,1938.38023795115,1007.02708889882,2888.48097124777
"P13674",83.31,53.405,136.113333333334,273.251428571429
"P13693",540.985666814187,440.34552502336,329.708288581373,430.785106140964
"P13797",1215.49172600842,741.208519641661,1570.13150779228,670.643173905794
"P13798",403.532776831868,122.023333333333,439.905612935396,192.511137706014
"P13861",245.573310066307,102.696925055256,247.44951149679,191.084828353411
"P13987",189.235849476087,323.042155945598,207.95910051987,243.091640948638
"P14174",101.745898657487,78.0300828820389,72.4450528443602,60.5337268003945
"P14324",134.196212863724,42.475,36.47,80.39
"P14618",10076.2648082445,6070.21815624174,10107.383028564,5672.30155262437
"P14625",1421.76902549795,2426.53871448446,919.839181833032,2759.52732164874
"P14866",234.55,355.270322852709,133.605,623.846055471016
"P14868",789.583702041849,330.490035013197,324.612041430608,451.898106047977
"P14923",286.344454783945,96.7715474032067,230.644747536982,227.236792363713
"P15121",227.62,200.904154384544,254.419986731278,364.218645576353
"P15151",144.82,293.81044366809,48.5333333333333,117.22
"P15170",297.443571428571,149.891666666667,135.128346573429,206.237305857922
"P15311",2241.51115901045,2471.71136943325,2929.70833762553,1920.33609896147
"P15531",890.078950892169,505.178476475949,626.440399915462,600.517620507801
"P15559",1130.52906727148,639.638890073895,931.371695002785,1257.4727051463
"P15880",560.279769906268,523.557831755455,400.898972991844,579.581363470816
"P16070",1005.13373920188,1491.0515116867,916.158834732661,732.759966181794
"P16152",743.412369808981,451.713521894644,773.225922881385,336.344483968303
"P16615",530.311683717242,664.011808238248,324.086025477202,1215.9671645894
"P17174",236.961666666666,207.898635150664,386.998546165304,119.175
"P17301",836.770335292938,2702.85434878395,903.696350766396,304.831102442523
"P17655",995.583501509172,1024.9560669545,841.408039320156,882.338519662226
"P17812",388.450305757967,226.844961312361,203.748161886773,278.802814135026
"P17813",142.951666666666,346.098858417686,165.5456074593,519.389238246036
"P17858",656.351079066996,344.59329974984,525.936458276941,340.058409090909
"P17980",327.805472178565,290.391442552295,303.228162479581,375.941604364849
"P17987",1748.24572918138,1744.37898660287,1616.57271129481,1805.68781312601
"P18084",243.386666666667,519.37679991243,82.635,210.630047634217
"P18085",538.098618955545,481.481937504804,339.774008456245,604.294231606999
"P18124",276.899212297481,513.831831107353,361.109219231541,403.212452875641
"P18206",887.891194018491,1502.33267803449,847.481639982313,669.088024486851
"P18433",124.958333333333,111.63,106.448333333333,75.22
"P18621",277.63,299.728340405372,148.422380952381,275.795940872575
"P18669",879.38556257709,835.328337119391,1029.77781157057,874.13683692738
"P19022",510.561818181818,308.063888888889,326.399807692307,605.854659657851
"P19256",111.245,115.410680409956,99.99,62.23
"P19338",650.41962234646,953.796812162549,605.30245408056,994.04342414035
"P19623",220.9,78.5716666666665,134.3,217.267481384786
"P20020",1580.62860852413,901.13991765318,2086.70002402848,1016.63315386178
"P20042",224.798739580136,160.49331432288,122.585786649323,108.388333333333
"P20073",206.52,212.733264263878,234.199518299337,103.990593280073
"P20618",338.14,77.695,298.605,211.5
"P21266",447.037436735464,252.411805119788,249.779278659805,517.498559116449
"P21281",819.038063256258,264.586150875096,806.570165901808,399.246315379111
"P21291",215.384888869004,468.945108746852,278.043122988056,161.283333333334
"P21333",5860.57940704792,6191.94052404956,5489.03520566739,5840.20223275396
"P21359",421.70834487331,173.196056880367,246.153612610436,115.012060537301
"P21589",1965.86578213914,2612.59596926163,944.98689853667,2342.0957497428
"P21796",254.393487003145,845.534571009633,164.47245114404,1003.57772466894
"P21926",202.037142857143,361.142772319933,217.252142857143,288.795635002484
"P21980",247.395451817062,1070.09460839306,36.905,310.044996491436
"P22061",349.466892213951,239.637715822765,420.120491574106,208.363333333334
"P22102",919.980666133572,621.990797032065,1173.5812125826,547.719891041026
"P22234",751.098806224898,670.556213800099,822.605806708283,757.551011756045
"P22314",2599.9723289847,2321.15153050594,2899.8385460357,2980.13725706412
"P22392",795.550582522869,550.497094718989,726.169144732514,721.66501694468
"P22626",722.423031280435,1059.10810057783,446.432225566424,888.237120659973
"P23229",88.22,1133.39467918431,582.992508243786,473.760087949552
"P23246",212.065,230.187640052032,131.45,283.055888660896
"P23284",549.080710962086,385.55484653271,457.473250478087,541.272063547573
"P23381",749.161378756571,1203.29550871992,817.95605927619,820.436372864159
"P23396",667.6321973894,705.790576373137,525.179382078629,753.811559242391
"P23526",1005.82043711848,657.77505563509,1201.19505026449,955.361845033919
"P23528",2245.31068400687,1274.89814875137,1700.12317798991,1321.2165225613
"P23634",1483.43045674101,1869.51123799223,1686.7859576853,1004.07789370698
"P23919",72.405,333.206974230069,135.490199691708,225.464300903509
"P24534",313.958676559143,489.710532758886,173.658014784673,283.191890964117
"P24666",83.785,87.7448298891245,110.942347076622,82.9888743417913
"P24821",3003.6104520736,8309.36737503482,4246.94437771425,7083.64185902867
"P25398",986.99625,736.956467261036,533.443702526954,661.671785714286
"P25705",884.68144860407,1298.4417609553,439.292569637169,1932.32106373551
"P25787",299.372594510602,240.026652734855,294.734867824623,317.47273289547
"P25788",173.373531164381,151.648908730694,139.444092210828,277.686923700217
"P25789",237.820750779552,165.75697207339,191.692474194271,189.767486644496
"P26006",793.927391304348,1115.443219849,224.766111111111,520.828855724245
"P26012",198.1,171.859539483676,112.807470414042,166.87063436345
"P26038",5367.49571896062,4946.69785293092,7295.20245722468,4237.95859970056
"P26373",207.54291776094,376.211583969526,172.783422528611,268.553485744156
"P26599",246.919916885671,340.548272630319,162.665317911798,417.796990816617
"P26639",156.065302283997,1074.00351406211,158.557056732197,264.502636442473
"P26640",868.704527610907,359.953846153846,432.721678321678,774.34279352259
"P26641",831.057001686035,1054.21758747697,869.022725570348,1049.89590631238
"P27105",890.167523741462,442.156686231631,393.882208667701,238.130438040019
"P27348",1356.80698362007,1743.13612547208,1259.68410631021,1252.59524162956
"P27635",382.389816172496,363.664750245367,275.271181248021,389.889930269575
"P27695",81.34,59.98,67.5,195.419285700524
"P27708",529.978897677306,756.939725155875,585.643781578391,375.085431094385
"P27797",719.283529407932,782.172357067648,483.248785120361,941.26964576567
"P27824",316.765,723.825281993745,522.441819709451,1009.10013998868
"P28066",425.458076923077,290.136111111111,352.721987361855,438.467048326076
"P28070",336.476510449187,182.518333333333,180.690714285715,198.8
"P28072",124.945,93.2883333333335,95.74,108.187478179354
"P28482",467.881731807663,415.010963361762,415.685639160354,366.384050334957
"P28838",280.735008342087,197.105571781029,213.726967454385,156.545222295442
"P29401",1824.42888637931,995.919693771205,1899.1077004611,1998.59179669034
"P29692",639.35746710132,1107.50142602623,531.34913639332,640.715218418724
"P29966",303.386811108893,292.762555136585,476.773720368362,354.425767933864
"P29992",508.183447707084,427.598783958,310.347140159502,372.022066428615
"P30041",850.126341114808,702.206394065426,699.708391460437,676.514063848404
"P30043",148.473084227934,188.764154255066,187.394524956597,175.468249801261
"P30044",364.173333333334,278.33,288.795151515151,335.221642820505
"P30048",49.345,42.83,53.26,202.721666666667
"P30050",391.7725,531.648571428572,312.76651246206,403.608636363636
"P30085",182.23,257.065714285714,348.4725,186.576666666666
"P30086",388.543610455809,388.301223801215,303.873475132243,252.468191779736
"P30101",1173.25096703987,1898.56928356718,1372.53781024852,1810.55888543967
"P30153",1127.75402099131,910.429952210305,1028.65297649889,969.062501495133
"P30520",712.828660233881,367.335267920051,700.115661901752,311.250454444373
"P31150",717.801050532169,916.270633465119,875.810263506761,746.477894371598
"P31153",189.650924973946,179.271295820306,117.805872607882,142.443424973946
"P31689",242.527718939236,376.097774178768,186.161864192956,225.23500625906
"P31939",1393.81397448079,1189.73080092093,1446.53622513308,1295.55486637583
"P31943",506.56791654147,603.306424373447,388.289310021514,701.343700820326
"P31946",1753.57603700257,1530.20845209717,1109.49903353667,1337.8627150193
"P31948",541.053012946427,903.888107577948,574.255442626956,614.124711849914
"P31949",227.875,360.800238095238,80.015,375.303758294041
"P32119",336.816852660633,398.484041494403,531.421976497106,389.104511470968
"P32969",931.659930496963,707.114932795329,676.821408414108,912.784211402269
"P33176",471.874533599454,1325.85507475879,1029.8587953135,1215.8140704259
"P34932",1082.10410092789,1002.46160947551,1331.50925029181,1275.50768363831
"P35080",106.585,252.983492014852,141.446139895526,167.548322740714
"P35221",2136.85938049931,1706.55069603794,2082.03880247356,1605.99554815503
"P35222",1384.05386725222,991.639849466767,1109.39982867835,840.35354455384
"P35237",388.400764033884,354.886295576052,198.531666666667,220.862738765844
"P35241",3781.40845224618,2806.84322342616,5217.65300885139,2807.94394232924
"P35268",175.51370534424,203.432415731869,140.810862542082,152.507624392324
"P35527",2697.15188383575,3156.30348505215,3331.87283775262,3996.45480704005
"P35579",5978.81841824544,9173.24822772026,6278.4933409013,7291.11320168086
"P35580",8127.7933475023,4749.31800287132,8034.12962304735,5063.91780708313
"P35606",454.785834222056,387.792134674883,322.026201633483,640.708030172807
"P35613",666.96,724.59997002495,429.353809523809,558.255124922109
"P35908",1893.35163388525,2589.57488640257,3042.55898054774,3472.90424034884
"P35998",374.476293004302,575.244025494652,365.650018750276,513.31644168561
"P36543",205.451936448578,53.44,89.475,83.562188504114
"P36578",474.006826098995,719.004901354411,267.816810079813,578.600505926057
"P36871",722.219273928451,99.5511068037507,617.63741312469,323.308577751174
"P37108",75.18,93.125,41.795,110.981666666666
"P37235",70.775,177.651192150644,80.6702508689769,118.987808401011
"P37802",550.67,938.84,188.475,654.479545454546
"P37837",150.291342508685,311.703715149617,172.310618162637,268.65946704125
"P38606",825.181328864865,507.783457466788,1030.09953372853,721.803275436603
"P38646",346.867058072773,971.814191680411,612.946790901291,1105.19228387245
"P39023",656.682933914487,944.592406312957,421.800385138373,1116.05771189728
"P39656",170.355,207.069830687424,143.456844579343,488.467612124309
"P40227",1850.28093483328,1443.72597249323,1573.08488433361,1377.4929949798
"P40429",178.930350908196,267.899699961063,168.983336992223,238.39006881383
"P40925",518.366428571429,499.540608141068,600.794715635576,379.448571428571
"P40926",698.253333333334,791.686037044851,706.82466754789,1417.65296293034
"P41091",812.501540848281,587.620900055155,659.9248177421,640.629644089619
"P41250",946.744106645695,1161.07597420763,927.989956583005,1692.93217770707
"P41252",640.19,283.329109684043,380.591091942823,584.668411102381
"P42025",129.78,185.041764699893,332.012744762282,145.27
"P42224",110.54,310.875307970446,220.511923990646,202.418326149721
"P42356",330.298333333334,435.828952516714,446.043095227389,128.032582728035
"P43007",973.730010571857,359.273672799519,856.900303032084,275.722220265008
"P43034",557.775018166918,436.334503704294,296.088912615858,314.73636981491
"P43121",2445.61383816349,415.127370568954,1896.97658402985,545.838590963403
"P43307",128.75,145.762149944899,105.945,138.140453073342
"P43487",44.945,108.524985596188,80.535,70.4333333333335
"P43490",1804.06370476119,842.324267721621,973.405650759724,1980.64181229692
"P43686",459.815600040809,283.573974358974,368.581693800424,455.618831945075
"P45974",689.191985855181,711.458190977869,638.070151515151,458.969103869132
"P46060",176.771801133826,156.492515500695,205.083597343867,191.032486216246
"P46459",225.886660056759,97.5533333333335,409.061792494619,296.848043738872
"P46776",130.821474570296,174.571666666667,96.7366666666665,130.421666666667
"P46777",495.424185614158,581.243766400753,313.581957250351,553.762640555733
"P46779",77.652041229868,112.88060136652,46.43,108.65617731186
"P46781",215.831648802716,197.346206520487,138.632922527345,252.41131365277
"P46782",281.3775,328.569090909091,315.621837106779,401.133636363636
"P46783",249.638092241699,262.81010810585,148.90557478885,222.042145593088
"P46821",162.866362486418,1042.97579117327,109.546899577745,336.580483616352
"P46939",1075.60768321172,625.197689991611,2432.0402528809,973.84543619053
"P46940",5088.37085177145,5305.53680060791,5751.93488287706,4936.17492881519
"P47756",798.19828241277,606.539927884426,732.507615618307,563.180954952064
"P47895",1280.5227513907,735.834057326294,1193.42714867232,1332.46870872587
"P47897",688.710942570109,177.975,291.736720047138,135.89056413739
"P48059",75.955,288.055485015008,107.209560677301,77.365
"P48147",407.576154255056,209.643520262281,541.870141437206,578.022100012294
"P48163",108.68,100.319471895721,188.946677644748,290.358814209034
"P48444",369.752862922359,386.424004211594,218.724227259858,395.196338571693
"P48509",85.0216666666666,90.852625648221,82.8892332967394,80.1033333333334
"P48637",448.77143667599,139.65523870836,228.603861918899,395.05139327152
"P48643",1359.70805321627,1182.43236891701,970.375023826908,1410.634051231
"P48681",174.75460241677,2250.88761135877,548.223030555406,1183.30435188153
"P48960",114.5,225.990812692667,259.75589238201,127.054126324317
"P49189",278.64,250.829444444445,226.385465446557,234.462954353762
"P49207",37.9985257242519,59.9469399418295,38.505,54.6753676623026
"P49327",5418.1560485505,2839.45819024682,5068.44418748711,4777.11732577083
"P49354",164.995,103.565,126.491666666667,139.191666666666
"P49368",1202.70903235119,1169.55897489648,922.62496082396,1343.45351150067
"P49411",207.400674009019,157.279055113582,126.706191917175,356.544191278518
"P49588",1376.56529474043,994.860621130793,881.182099366375,962.211764818291
"P49591",607.603054792269,241.729662032526,317.837005640208,131.475644405469
"P49593",220.975,103.105,161.07,141.666666666666
"P49721",241.33,116.176666666667,139.839681297556,104.561542155465
"P49755",198.34884994511,370.612622174128,40.575,577.912116554048
"P49915",206.437570288168,121.962565228406,186.10968832208,149.77
"P50148",485.376586753123,377.568266244849,307.990395175552,259.137679917193
"P50395",1403.29505167294,1483.74444410724,1401.55107414164,1415.08584634977
"P50443",314.815,381.391979663419,94.1340051491001,759.399945062534
"P50454",587.182394422465,956.663713652885,844.41962064887,1275.82986524118
"P50570",321.689650386631,141.481106686606,201.449939463826,149.721801566968
"P50914",264.910725071932,313.383150113003,159.045,266.565187335905
"P50990",1381.25651062752,1467.02325060618,1219.85349353282,1637.58051242654
"P50991",1381.60789044544,1303.74054894179,1020.98049834498,1252.73967173891
"P50995",377.576070893765,651.527528000228,357.685,462.529121353668
"P51114",220.830353266833,188.97427060956,65.29,185.266586495888
"P51148",1135.30666668173,693.368559877308,826.022942786472,943.22739608087
"P51149",1049.74277777778,804.66496636493,886.130402482359,707.222608695652
"P51153",213.342509697096,426.595218284956,278.873387881663,654.825278351285
"P51665",179.709471895721,56.055,47.4866666666667,112.305
"P52209",423.793029800918,743.0176439912,550.823472672244,559.13531258047
"P52272",110.06,484.373333333334,375.383571428571,731.84263907873
"P52292",848.356638242825,862.55030337073,733.57241066625,668.76656920361
"P52565",385.59712144078,393.118847195082,324.538672367707,388.607949670571
"P52597",323.76,508.399234763107,211.38,709.534726669329
"P52788",266.633333333333,320.519536772242,370.753694944864,116.829985596189
"P52907",723.211701232378,204.261182564131,445.278444491508,369.223652634173
"P52943",169.16,280.234043263446,157.646189294055,126.29
"P53004",185.25,119.805828148379,109.644473835788,85.568282540399
"P53396",1493.99159530156,1103.45719447313,1960.75707377237,1703.21774421631
"P53618",439.603571428572,509.206887004082,217.094156398268,556.542115700329
"P53621",836.744716935353,758.240587962532,491.075589956411,882.035375302715
"P53985",323.420083506817,376.699494654451,404.342943796743,240.286497136794
"P54136",445.666507020093,369.014285714286,139.997804182927,669.218177538827
"P54577",350.939369301537,143.094041684733,387.029246425658,106.220562623139
"P54578",210.766666666667,100.881666666666,224.115,101.81
"P54709",638.789688825977,541.476653125061,564.943120466741,429.35626933973
"P54760",145.051821760861,170.713378865111,257.08916681442,163.372616687607
"P54920",323.288636363636,135.825,341.080384615385,74.825
"P55011",96.1024992843253,81.765,251.696818181818,57.295
"P55060",839.373401682853,492.825495712475,851.576268773743,1270.25865063928
"P55072",2220.70852914807,2323.39767879831,1809.50114317065,2288.16179429685
"P55209",541.918798536938,556.081072524194,497.074593991483,503.373572628765
"P55786",817.046666666666,183.04,465.777331021413,210.211219553771
"P55884",384.805769230769,515.766121105544,377.13349649496,684.140586152562
"P56192",280.27256834743,300.334108269591,124.632492816387,296.846456429501
"P56537",473.914209755702,224.14498746137,207.503087626158,403.582175456748
"P58546",108.655,152.118342984491,126.284165578762,148.114311274856
"P59768",53.7066666666666,51.635,62.0429180054851,37.49
"P59998",251.757222222222,222.117967527459,232.96274771061,181.1225
"P60033",421.156898834477,383.86863730584,369.96500886334,409.376357013028
"P60174",1242.74120444879,1403.29360735122,1328.44644905768,977.144499856159
"P60228",268.214119982656,338.563530608816,175.399066420614,174.787831439084
"P60660",735.81087438032,952.599148508237,954.12715927877,844.410786603297
"P60709",14408.229939652,11714.1957557355,15348.0070217798,12308.4479611694
"P60842",1732.57481834402,1791.57081799624,1438.0749495478,1709.59239299905
"P60866",157.34,217.7675,167.025,219.545
"P60900",425.886328231752,263.092986598649,291.598295748855,364.630128477545
"P60903",428.833571428572,294.462796228601,244.742534607454,255.646843242651
"P60953",685.291842105263,490.468636363637,656.694782608696,492.331388888889
"P60981",943.03269394758,370.006220113462,593.220714285715,556.608540954412
"P61006",329.835088508113,423.053891720867,338.157202656838,430.754118954559
"P61019",279.486666666666,445.011271877764,211.645242803721,296.878823593651
"P61026",372.825191589907,380.048277828569,345.272275470266,283.732690094251
"P61106",737.902931080753,380.23182509756,549.496980293114,621.241978792281
"P61158",748.713076923077,1006.84198062063,663.253015968599,742.198006535948
"P61160",676.879494836134,682.711842651457,841.432763804495,594.680438160239
"P61163",265.868874638017,486.729243415827,566.0243786777,425.319580228541
"P61221",368.905385096141,223.881764838715,287.278245514051,256.955
"P61224",963.34042281794,982.136328533938,951.153788797179,599.562564228225
"P61225",543.296119312951,445.337135001229,645.038153925437,411.42825447619
"P61247",590.902440873098,847.246958837206,544.824272236667,834.511320065293
"P61254",167.938888888889,292.488180478829,59.54,241.435744556502
"P61313",269.693442327817,424.462439007772,233.110836252223,342.104523410042
"P61353",199.656608055908,225.415284741586,95.0779417915525,202.626021449297
"P61586",644.15,641.636595446173,547.594927536232,542.614958760431
"P61764",636.743039332407,228.29896090071,514.291440230018,99.370651716897
"P61978",688.3564022235,924.088641845309,362.375755650923,1022.84930566149
"P61981",1258.2649434137,1275.40111796921,966.811400523876,1059.7115374664
"P62070",136.787774631635,323.1925,151.733333333333,277.06
"P62081",292.052647641909,383.53747552112,259.386131020455,393.234688308277
"P62140",623.689986844082,554.05266081229,702.276756626587,624.525618291622
"P62158",1157.63816985862,1328.11366430988,1311.67155172229,940.314180048458
"P62191",400.324285714286,491.481699595428,269.668648835977,329.536601000762
"P62195",188.80901246206,249.419342895948,204.341870936717,344.616882933082
"P62241",484.276945875757,650.079236697462,454.355291849726,674.305077348479
"P62244",150.88410043754,145.143579555046,188.747770387069,152.351355089286
"P62249",269.318037113595,365.399835113087,163.811463239257,403.179506610454
"P62258",2221.43636449603,2351.70398755014,1653.33304124258,1541.2698251954
"P62263",255.595071521486,227.636555651911,251.138636363636,216.421666666667
"P62266",178.21384994511,259.063117840771,216.915348949565,297.501745075834
"P62269",198.492013504922,380.215811245133,164.157577128402,311.691349132877
"P62277",218.96677183769,292.789572501443,85.3660285639415,258.14151621363
"P62280",272.642261951165,414.947020500812,216.027577600512,349.588238436238
"P62330",308.522092227642,430.987691343785,181.942594988496,424.038581126745
"P62333",194.385,149.463281228117,192.860735201106,252.028145011113
"P62424",528.098361398781,732.636842461585,499.592402937383,807.943871576024
"P62495",267.672144585649,271.579617766545,234.240696581877,266.392114587838
"P62701",746.516410457235,752.643942091998,682.11769150841,973.515117737746
"P62753",349.438572269367,464.798466304614,264.457205578133,383.204268987783
"P62805",184.6675,541.613960487701,105.42,517.208929508809
"P62820",478.375902831882,884.896609644017,587.208239139799,749.811441047312
"P62826",266.989176554149,314.325859409689,271.377382205677,295.745588511693
"P62829",181.3425,209.156666666667,108.261666666666,208.463333333334
"P62834",938.26257961246,564.782925861138,1005.96282745778,498.843373783632
"P62841",377.731215925313,604.804989782313,336.589866807464,388.383916118261
"P62847",238.55,260.027777777778,108.515,257.37888848802
"P62851",178.582471970775,153.15861623802,92.3949372488034,149.570206862592
"P62854",117.925714285715,148.549285714286,107.895,150.667142857143
"P62857",99.365,101.9,91.835,114.45
"P62873",1095.09014831552,1370.82420384204,988.358418317797,1340.18751011795
"P62879",1369.0250924323,1587.24624568856,1316.12701672113,1648.4185806088
"P62888",196.92,290.157905290236,134.61,327.071855648999
"P62906",280.875045062735,583.026432622781,252.533775576637,498.226758368146
"P62913",146.515,225.055,114.124196565543,208.560022954221
"P62917",229.139984066581,319.170733626136,239.088257054213,326.028307379646
"P62937",1640.366875,1839.89924378218,2584.20407053316,1710.12915910104
"P63000",311.052332456396,299.671611016554,382.351803548891,280.359878774434
"P63010",1056.94950751546,677.185887452738,712.212333987402,553.55741328881
"P63092",1213.68670533141,688.665845308391,672.851342858477,1127.2577771964
"P63104",2685.4019212501,2875.4570055016,1703.56731141461,1859.34914652479
"P63151",161.655659972765,195.357159538568,218.150440837172,70.3512176394552
"P63173",101.535,107.949544943364,47.53,104.002385884404
"P63241",942.386277286555,1042.24256889643,946.045575363388,799.86019806997
"P63244",675.140157376585,717.854456088639,359.193001227388,891.20670237426
"P63261",14741.8313392067,11714.6118194959,15720.6077990639,11970.2699844846
"P67775",386.79,261.405434486393,360.711392656408,381.270840656226
"P67809",245.030174869408,358.797913062935,156.735508898626,289.316345695238
"P67936",354.77272496748,234.859343592837,134.423333333334,145.091885684705
"P68032",4553.23681978725,3587.37545610553,5334.26986987301,3546.82804809861
"P68104",3900.00709893972,2906.0666574285,3123.30830321274,3143.224036446
"P68371",3560.53621960159,3379.93583255257,4615.91169951158,3739.19500651707
"P78371",1868.98254932842,1916.36250320618,1751.93672854653,2293.0968334646
"P78417",239.279285714285,149.12,262.506212121212,189.783309555767
"P78539",318.965855394312,579.631946673501,367.42851291174,359.096288810752
"P83731",154.76,191.631044545665,143.49,203.385
"P84098",173.901590954873,298.00276556904,179.040449104126,315.569290910803
"P98160",305.914874248542,2190.56615388882,1628.68334777129,1217.9307805539
"Q00341",289.489611049888,999.679945707644,205.934820334647,590.895095338845
"Q00535",71.0083495639608,56.5068462748548,112.245826546283,88.9384613309644
"Q00610",4505.57351685638,4275.63480297174,3639.87926199245,4801.37802811307
"Q00796",341.212653424261,236.794773264847,440.161482348228,326.890978168826
"Q00839",369.207626872428,694.792525519165,502.587389153127,1192.15840448348
"Q01082",2584.35854666213,2655.8028610555,2283.59510986794,889.718237821378
"Q01105",280.929672604712,247.059776239171,205.00484313511,308.238862996183
"Q01518",1896.73232906057,2217.1832954177,1825.73588625789,1743.76667103505
"Q01650",232.732857142857,339.261092825554,269.732464889259,373.788836620119
"Q01813",789.015,654.856795780647,1017.56727887951,867.110619217983
"Q02241",2142.5982688267,3358.50972775383,3230.25408185555,4107.21323097692
"Q02543",148.835208657152,270.879873316178,165.186889194752,237.661269152836
"Q02790",447.553907002432,438.793722628108,88.765,238.795658688548
"Q02878",532.91875,816.072695200775,516.882294849786,787.696705229868
"Q02952",690.883906130437,3140.64883641401,464.984501959604,1213.85854300899
"Q03135",299.7125,258.351683094081,271.905,358.412087912088
"Q04637",439.405,647.734278247932,140.385,285.892740496672
"Q04760",248.882211423173,250.791228670878,141.468333333334,235.429485873179
"Q04917",901.714400903115,1037.20720191222,801.689650738496,756.318685344989
"Q04941",36.67,35.885,39.5414406112827,46.235
"Q05209",68.91,48.285,70.4,146.365697268326
"Q06210",680.754759588368,1495.6033818284,898.595208156537,1249.69720700516
"Q06323",232.30993657034,132.637142857143,158.854304956342,122.19
"Q06830",317.767142857143,531.377104272,256.94,470.14439428584
"Q07020",146.974875033878,391.185768055942,237.388123549379,331.130805304109
"Q07021",188.953571428572,224.226666666667,195.673727822599,549.501605472542
"Q07157",38.525,376.736659369621,98.7766666666665,40.8152949817347
"Q07866",263.755,337.784960908554,193.546666666667,125.886666666666
"Q07960",232.761822127108,170.575,130.238333333333,64.32
"Q08211",325.191300018583,368.661077685449,230.809944257199,1075.09548066533
"Q08431",1746.40352709398,2859.04546207489,3775.65772308501,2556.39548590646
"Q08945",61.805,101.303333333333,80.12,105.224605996502
"Q09666",3634.1381109792,4847.43325856208,1797.36264222378,3136.09056357888
"Q10567",626.837716535878,324.124074276109,297.811103024617,415.29599320898
"Q12765",441.467730466828,653.161795424823,404.372196782951,908.982643994144
"Q12905",229.715340007003,266.550613845794,135.854582717943,595.35731918664
"Q12979",301.344277716788,276.141034397038,281.662190177998,76.413455941611
"Q13045",318.310466729622,313.29588728016,255.459009951084,433.636426879739
"Q13126",127.870300610001,380.455058539511,98.875921315704,158.892255561096
"Q13131",142.64,80.07,32.08,62.0683333333333
"Q13162",225.601666666667,448.420038660135,250.482885736162,453.377770571565
"Q13200",1030.27652710904,1113.66301996492,814.424574140849,1061.16731101167
"Q13283",256.944285714286,372.64,100.66,150.46
"Q13347",348.293136959598,259.656848582292,263.804253743025,333.240291137183
"Q13409",232.923341476065,411.447289664171,237.253775842636,223.052525886757
"Q13418",189.005,428.431269652566,146.711367874631,88.02
"Q13425",201.568415687163,260.242226654545,308.773907071988,282.967900915765
"Q13492",296.151089881402,232.069316240617,457.451111087412,251.762398024846
"Q13509",2400.63072593591,2539.97393239701,3564.65104668787,2454.70376300671
"Q13561",147.9,222.301598180184,156.518898407661,173.145
"Q13765",262.343333333333,286.419028498023,38.295,191.522945397008
"Q13813",3208.74028159444,3536.76874562628,2849.06825087863,1249.29315146955
"Q13838",310.204136144732,296.767278585477,151.738069916734,491.46052790154
"Q13884",451.671237102609,57.35,1101.51080460811,165.410196854419
"Q14019",329.168181818182,394.733790126116,252.51376993646,457.199864060662
"Q14103",239.533333333334,181.07,191.837145024139,405.187768002536
"Q14108",171.549457843198,143.691993912115,109.132826442798,174.170733451043
"Q14118",39.99,145.695807103739,105.467382098945,112.765
"Q14152",746.134303945385,684.782551524004,253.714779964735,320.387186360153
"Q14160",412.183575506839,1038.46700564924,914.496175129243,345.792647525653
"Q14204",4926.81692116603,4567.11094181873,5000.45711524345,4453.36524247188
"Q14247",187.72331681846,322.409280233095,223.468177425073,120.475
"Q14258",183.334194373835,138.516831848726,304.036660907759,133.574901104418
"Q14344",582.308485665913,321.77597005873,626.138300045944,250.901133921737
"Q14644",241.20244643455,139.277282115717,198.810740861616,91.5547696077545
"Q14697",731.339980076336,650.613139819962,560.146258404986,940.952814527092
"Q14699",555.785967400423,33.442966019298,146.577174756724,179.364035867742
"Q14764",686.562475882706,1937.16362394607,757.631034265461,1947.28711485968
"Q14847",66.72,320.299802235444,109.66,86.5683333333335
"Q14974",1773.59962043089,1341.26817991506,1457.3976215281,1679.81686316611
"Q15008",283.9175,303.500807382747,367.179947894463,390.484630780335
"Q15019",1097.86765104756,1126.40605587428,1287.78588553747,1184.46279968637
"Q15029",238.855,184.22,177.612142857143,532.453823529412
"Q15046",444.975,228.56210754056,153.35,125.029285714285
"Q15058",921.042066983155,2408.00722750655,1870.80939024367,3627.81075143406
"Q15084",704.325526315789,1040.84438318333,744.672516746014,1112.26904834268
"Q15149",3246.76439058145,7503.36935248549,2120.30989295987,9043.16698179075
"Q15181",82.57,223.494509727387,198.345663666234,62.6866666666667
"Q15185",192.088333333334,128.322803006869,82.6316666666665,135.192803006869
"Q15286",333.902130712409,445.713319254349,361.173455368058,544.617740821951
"Q15365",457.24621304241,561.156178471918,549.825339267661,458.679272627527
"Q15366",367.855454545455,423.853451693575,436.557884615385,367.655227272728
"Q15382",79.45,167.101120084782,160.170530922424,248.461514149688
"Q15436",233.34,280.553074469985,241.669696628909,252.477284829304
"Q15582",672.839633061191,2402.26669953115,198.580470476592,2567.51566410155
"Q15691",150.064976753242,175.718918637699,76.1783333333333,236.566731906758
"Q15758",457.991156756236,503.549484584093,607.233873881416,452.113095238095
"Q15907",635.665280333963,539.666549331109,580.05594868444,430.484022855275
"Q16181",1018.72062613009,1231.61497814699,1413.98189977288,1285.79047275906
"Q16186",78.055,79.7493937264017,79.1993937264017,69.69
"Q16363",492.700833333333,731.882495201228,234.450656256115,882.382551069181
"Q16401",291.105723445755,112.609983531917,209.423860710497,115.675
"Q16543",242.169092344259,246.26,218.777777777778,200.22
"Q16555",495.130384615385,753.187505914293,1133.15888181273,1657.21216133677
"Q16658",951.92358044449,3581.36910039088,1973.67194776116,3708.38867836307
"Q16851",1024.40902826887,1322.45817474426,659.050398332084,635.795551452406
"Q16881",512.490862033997,970.875071587608,459.623549462157,1222.07524646039
"Q32P28",27.445,79.1316666666667,36,251.62
"Q5T4S7",295.901302707394,235.710690650053,359.735989351036,147.665673183448
"Q5VYK3",231.045,73.0183333333333,92.2132333477865,90.3287943538857
"Q5ZPR3",289.979609292793,209.952328221765,248.574956852607,44.73
"Q68CZ2",135.33920954042,315.504334009221,159.490225694562,376.176403377003
"Q6DD88",190.995,111.558333333334,68.815,494.361687951299
"Q6IBS0",187.9,501.846896559319,161.786666666667,327.402596164338
"Q6NZI2",600.806422200676,684.567176330159,465.321730891638,984.31347181419
"Q6UVK1",5096.74230818439,5650.33710469159,7698.40831711467,5402.68398515275
"Q6YHK3",1600.34380401744,4020.51199555526,1894.20124339279,1927.00004944876
"Q6ZVM7",194.509986068188,56.34,85.8242546490372,81.8066666666667
"Q7KZF4",1398.66746088471,1625.5333013428,1122.80739534913,2311.17912033854
"Q7L1Q6",150.188333333334,180.300130474292,206.285266628125,213.940525185401
"Q7L2H7",513.341666666666,320.95915211277,296.710765882284,325.858320794703
"Q7L576",588.135053563206,697.874365877297,663.793879738075,443.054060062432
"Q7Z2W4",116.955,418.124107384089,173.31119047619,147.166666666666
"Q7Z3E5",161.091666666666,82.375,283.835,104.046666666667
"Q86UX2",405.298461538461,913.189396693184,331.048979146924,1431.70394338396
"Q86VI3",1008.32631977872,3410.24261811397,1503.36747516768,3848.76906796829
"Q86VP6",1241.60244402431,652.51522908649,880.092385759222,952.766347863336
"Q86W92",527.067847865599,1135.53040472807,280.963136781364,35.51
"Q8IYI6",243.111668758922,138.600982576402,67.74,68.5666666666666
"Q8IZP0",203.205,165.35,175.94,118.446666666667
"Q8N392",154.2,85.31,192.250357716139,141.130357716139
"Q8NBS9",311.577594455453,293.545845582851,210.611912973644,599.219863762508
"Q8NC51",176.436111111111,314.421453200748,38.635,127.683443306632
"Q8WTV0",239.950162822112,73.76,92.58,93.04
"Q8WUM4",1029.75444319073,1224.45586226727,1239.41896256026,652.056231196471
"Q92499",535.931757819792,450.270327709381,517.299370448815,640.88185228386
"Q92530",125.57,117.41,86.9433333333335,96.33
"Q92542",316.28,138.978333333333,90.38,105.891932811061
"Q92597",1218.4523091311,802.15337164536,2279.53518626584,1293.62155604523
"Q92598",554.003461538461,994.934056661849,823.509803800297,612.910555555555
"Q92599",332.76486371059,284.550191501358,494.657063611726,381.499613118345
"Q92616",952.468436824081,376.869349299905,685.311651988696,735.011640280759
"Q92743",146.787418453723,290.439970035522,226.361108470609,333.92132935913
"Q92841",199.036666666667,193.001859718409,152.109285714286,291.981538461538
"Q92882",57.315,83.24,96.1566666666665,100.091328861051
"Q92888",337.0212922,120.9,164.86154718703,133.120076842356
"Q92930",267.734510450317,341.362941284875,338.090698938309,370.701596013084
"Q92973",353.505969907287,210.966399314624,153.754987461369,232.421512459819
"Q92974",169.28227503252,265.580531546994,136.171998954681,214.292791841846
"Q93050",291.165,58.52,52.195,112.183776538941
"Q969P0",516.451377170537,264.192535000197,282.127007041515,147.268039721403
"Q96A65",124.460962527628,170.918333333334,292.406666666667,90.3716666666665
"Q96AC1",59.935,258.48,100.46,113.845
"Q96BJ3",147.816666666666,399.852560583185,233.815393116391,84
"Q96CW1",394.890786852719,220.300874817174,382.213971036767,333.493888888888
"Q96EY5",134.328776538941,66.535,84.7166666666665,86.7166666666665
"Q96FW1",318.347373775208,97.919054677944,162.50414484602,174.487044076195
"Q96KP1",66.01,114.661198197909,224.054856551485,111.796659906338
"Q96KP4",771.204509991524,184.708854081415,633.520207807643,162.3
"Q96N67",246.799412489898,123.388587355969,499.656354901857,165.553965566627
"Q96P70",167.56,339.754164324417,157.994635384156,263.995276980921
"Q96QK1",450.952062035669,193.68735465975,444.961139592975,224.361478356959
"Q96RT1",190.967945788844,139.475399240513,115.427932255514,78.4033333333334
"Q96TA1",1213.41071777557,848.220174479624,1300.50942998745,1446.43350201446
"Q99426",36.17,181.072106249148,125.371666666666,38.405
"Q99436",95.589215679886,78.415,182.466628662197,71.263521129406
"Q99460",657.135478055282,709.526885952136,554.074137712459,763.614691831091
"Q99497",841.048888667044,637.923348056381,756.251178952404,613.002896419615
"Q99598",272.195,151.305,146.911666666667,95.5449999999998
"Q99613",430.057251867625,551.236221353388,273.377063908574,383.075193119926
"Q99733",373.26866927806,700.596428090885,383.067308165516,491.422594209487
"Q99798",161.255,91.9366666666665,84.5833333333331,175.590615347361
"Q99829",688.48908279949,371.180192606946,404.319275779116,606.105185240371
"Q99832",1749.54793568077,1094.82415223492,1413.58136349725,1462.86061952662
"Q9BPX3",81.28,119.813827863443,94.6033132554728,108.331757014378
"Q9BQE3",3007.90670724539,2529.31166849858,3538.33635871688,3022.56101502042
"Q9BR76",227.792265622307,87.9566940834505,194.267849460876,216.640778016278
"Q9BSJ8",782.008602106658,521.910469038733,376.257209762389,1090.16868093543
"Q9BT78",152.805,61.475,162.77,99.31
"Q9BUF5",1365.27991300595,1006.38562551829,1857.23881353433,1273.85672525346
"Q9BWD1",236.294195304951,57.4033333333334,231.875622481988,235.111578605176
"Q9BXS5",209.428333333334,81.2633333333333,179.945,99.8083333333335
"Q9BY67",128.002439373091,217.127210046484,133.579818472918,76.592188504114
"Q9BZQ8",827.325956733229,771.001849458497,499.54483849161,177.756350185404
"Q9C004",123.515,84.44,166.446666666666,305.714302558207
"Q9H0H5",1408.95239981418,1974.94338849441,2185.57096557792,2526.21493109171
"Q9H0U4",617.92716693863,1058.84761325456,829.087554384693,1032.56368107253
"Q9H223",979.9439781506,571.567093901385,441.282089323073,620.282312809584
"Q9H2G2",76.130232641291,338.034400948061,415.518194675487,183.758307994215
"Q9H2M9",59.96,50.4969878314336,94.6190226480752,138.950577312341
"Q9H3N1",37.98,72.0747930383945,45.885,86.191518567269
"Q9H3U1",209.981666666667,61.775,178.419243534749,104.184744833687
"Q9H4A4",460.045,187.188333333334,268.030785940198,183.69
"Q9H4M9",326.06,701.974521424037,521.125136958736,706.93890224287
"Q9HAV0",948.196171536116,713.536568901267,799.134580595395,364.580344323763
"Q9HB71",229.057857142857,179.63901382111,85.96,147.275
"Q9HDC9",217.03703645722,155.186142123318,264.42587131556,288.456645662905
"Q9NP72",53.485,161.168301580181,258.652160124395,210.835235451838
"Q9NP79",99.015,105.807789528296,79.65,87.1315905896025
"Q9NPH3",426.625578775985,117.43,222.288333333333,121.95
"Q9NQC3",289.86,826.923831673102,238.53,322.41
"Q9NQW6",1048.91576863096,2360.03379450449,2093.33371172012,2076.89556667452
"Q9NQW7",179.66,222.435,281.467339473759,215.985
"Q9NR31",82.715,235.087666997083,138.691954061092,218.998768961707
"Q9NR45",176.018613952597,230.666666666667,128.475,164.3
"Q9NRY6",122.695,171.87887591765,173.677906938237,197.108792628615
"Q9NSD9",267.149358914689,157.108254443126,200.692284427532,341.340686786803
"Q9NTJ3",42.13,120.104683213981,102.644913471594,156.693238829908
"Q9NTK5",293.568121418568,328.360665832929,180.660012802946,198.201515000995
"Q9NUP9",128.97,142.966541123789,61.6407251490077,50.355
"Q9NUQ9",404.974594559898,223.374108948401,375.308891536409,116.82065426348
"Q9NVA2",798.03546813491,1351.83087937544,1597.4535449972,1359.93469680479
"Q9NVD7",165.738333333334,232.802683352461,82.455,79.24
"Q9NZM1",4179.33946070571,3348.33499833891,1270.32413447947,5249.36096804871
"Q9NZW5",144.183333333333,589.03437978061,309.296067933697,149.300145048985
"Q9P0V9",327.957272727273,606.206384425509,433.368007586668,584.244473235407
"Q9P2B2",2004.740266812,774.845312001509,1050.85990649551,424.978147531689
"Q9P2J5",571.856666666666,568.909807132962,640.334552576669,848.997156982389
"Q9UBB4",88.79,143.526434194409,71.1721981684881,63.3906718157671
"Q9UBI6",374.585352331787,497.864675024663,390.31486570837,309.185904076837
"Q9UBQ5",103.18,110.531998102484,62.735,91.2658495400325
"Q9UEY8",185.560030916091,127.69,112.025,112.081924397259
"Q9UHB9",161.07,208.701666666666,197.695,226.520487857287
"Q9UHD1",251.592142857143,153.805,156.58,70.595
"Q9UHD8",1005.80354109128,1199.08482623812,1584.94871998657,975.750486360872
"Q9UHY7",92.765,90.6403910301381,73.59,123.748271422956
"Q9UI12",260.06,105.784888869004,199.520957072495,106.47
"Q9UJU6",182.372476077932,567.19511832495,196.71,429.111328897199
"Q9UKE5",212.089719295609,404.570261212853,231.420466021612,128.752856712006
"Q9UL25",159.35,146.29,82.7719369142857,160.343333333334
"Q9UL46",254.172338482433,334.623449016883,358.235508041445,503.135302196921
"Q9ULC3",258.16586381184,196.755918005338,211.320411718165,203.157649208989
"Q9ULH0",82.77,121.27,116.986666666667,193.032106659217
"Q9ULV4",609.498695364523,447.344325341327,675.909423722788,273.929554619158
"Q9UN86",154.68,84.6333333333334,68.535,102.096666666666
"Q9UNM6",372.195,152.77,323.131923076923,324.045129870129
"Q9UQ80",640.943643683646,580.298221350345,351.160486910688,589.681162546359
"Q9Y230",475.720852158129,318.360555692122,243.019574222666,548.649814046366
"Q9Y262",385.255,316.6875,282.83047736522,333.879431793075
"Q9Y265",724.154176344693,450.806791715841,511.017220120727,639.81449712804
"Q9Y266",265.864049412298,154.903422173431,120.300213216234,185.106705777212
"Q9Y281",522.874411764706,467.743098824818,501.431365474816,480.385418652503
"Q9Y285",212.945,153.486666666667,204.267978603047,138.055
"Q9Y2A7",347.558333333333,346.944905858583,446.230636504702,207.141491434069
"Q9Y2J2",395.106011140667,1200.33860112841,479.121908023835,990.717823511919
"Q9Y316",104.62,60.39,98.29,72.225
"Q9Y376",204.050019815441,358.363746369272,193.697765967901,167.952121442148
"Q9Y3A5",117.324869645034,185.245133087149,52.3459667678404,236.839014320463
"Q9Y3F4",579.131510197502,472.58334351634,379.487147918923,322.621479574144
"Q9Y3I0",283.492857142857,201.732777777778,232.049675740798,313.142857142857
"Q9Y3L5",330.848333333333,319.598333333333,364.033715698134,415.830836978416
"Q9Y490",4278.1317885947,6454.0402639863,3808.91767915311,4254.41894472588
"Q9Y4F1",377.018226275022,1230.10814764219,370.420616336344,331.626924592522
"Q9Y4G6",243.49102773412,313.66,159.982286471754,285.91
"Q9Y4I1",1144.31482092203,40.145,1383.44959127205,111.2014907158
"Q9Y4L1",737.26726206006,1272.63529090645,543.27925986928,1803.58383359445
"Q9Y5L0",108.925,108.71,154.886666666667,190.362296816569
"Q9Y5M8",76.091317338784,90.57,59.7948703054326,86.629768218977
"Q9Y5P6",112.865,78.8683333333335,59.8863624698144,49.7266666666667
"Q9Y5X2",159.565,92.48,102.385,228.496494844269
"Q9Y678",691.193322304125,1072.65285025543,563.448213511715,1180.39197398719
"Q9Y696",1074.06420836561,1273.81138718522,1725.83941580565,722.788356082448
"Q9Y6E0",551.234164344382,577.13477363032,601.013607320587,443.062860001455
"Q9Y6M5",397.265,92.211152457728,277.54495079054,85.9228334056003
"Q9Y6M7",446.590360184009,187.07613751626,418.576390297652,476.777808473197
