"","WM115","WM266","WM793","WM35"
"SIDG00004",18429,878,811,92573
"SIDG00005",38,0,58,28
"SIDG00011",6,1,533,1
"SIDG00035",37,0,175,52
"SIDG00048",2107,81,623,386
"SIDG00049",96,903,7571,102
"SIDG00063",77,0,616,28
"SIDG00064",338,2,1688,6869
"SIDG00066",29,774,129,15503
"SIDG00078",446,17,30772,28
"SIDG00084",3,7,16,0
"SIDG00107",353,1,93,49
"SIDG00109",16,0,216,31
"SIDG00110",2,15,0,19
"SIDG00149",522,8,2053,92
"SIDG00174",12,64,0,27
"SIDG00179",20856,21,1067,10263
"SIDG00193",0,13,2,81
"SIDG00203",235,38,73,0
"SIDG00205",10,4,17,0
"SIDG00232",431,3115,8,14166
"SIDG00235",221,8,1027,385
"SIDG00239",166,59,35,1440
"SIDG00246",29,43,2,48
"SIDG00247",82,15,2133,39
"SIDG00251",11,29,22,919
"SIDG00252",364,0,0,0
"SIDG00253",0,411,0,366
"SIDG00258",496,1555,0,35
"SIDG00260",416,336,54686,3109
"SIDG00263",22,0,450,229
"SIDG00282",32,0,115,54
"SIDG00380",516,4581,562,19699
"SIDG00385",36,0,179,146
"SIDG00387",848,898,136,2663
"SIDG00397",3,0,11,219
"SIDG00407",22049,53,4441,4178
"SIDG00409",29,0,2098,28
"SIDG00411",118,3,1046,14
"SIDG00414",2790,3,245,26
"SIDG00418",3,0,26,0
"SIDG00424",253,41,8977,537
"SIDG00432",0,0,835,1
"SIDG00441",12,22,60,12826
"SIDG00444",25,18,16,395
"SIDG00446",287,112,7214,26
"SIDG00447",0,0,28,0
"SIDG00451",1,1,541,0
"SIDG00452",70,1,13,5
"SIDG00454",452,5,294,82
"SIDG00464",2613,115,3264,6470
"SIDG00465",181,3,78,458
"SIDG00469",2,0,9,549
"SIDG00479",0,0,1,47
"SIDG00482",67,1,217,297
"SIDG00490",297,2,291,43
"SIDG00492",1654,109,16,0
"SIDG00503",56,0,2,2
"SIDG00527",449,23,625,48
"SIDG00536",17,0,23,34
"SIDG00542",86,0,1476,108
"SIDG00543",7,0,825,2
"SIDG00544",2306,0,23,90
"SIDG00546",4,10,2,1444
"SIDG00547",16,0,49,21
"SIDG00548",197,3,166,797
"SIDG00556",17695,10259,6615,123307
"SIDG00573",180,4,31637,1125
"SIDG00595",0,0,208,6
"SIDG00606",0,18,0,3
"SIDG00614",20,0,17,23
"SIDG00636",64,1,565,81
"SIDG00644",3,143,0,444
"SIDG00684",976,30,1699,480
"SIDG00687",1354,36,20,369
"SIDG00775",12,2,17,0
"SIDG00793",3,2,142,1
"SIDG00794",45848,569,19493,6028
"SIDG00797",25083,27388,348529,18127
"SIDG00799",38,0,101,69
"SIDG00802",261,53,11626,98
"SIDG00807",0,60,0,25
"SIDG00809",348,17,190,3263
"SIDG00811",5230,2617,344,5743
"SIDG00816",16,0,70,23
"SIDG00858",1136,15,105,748
"SIDG00885",1,0,1064,5
"SIDG00891",46,1,91,8
"SIDG00904",5,0,236,3
"SIDG00925",0,22,5,7
"SIDG00927",138,14,616,24
"SIDG00934",33,13,2231,45
"SIDG00942",1818,34,119,2787
"SIDG00951",50,2,1325,40
"SIDG00972",6757,221,1363,2557
"SIDG00973",4450,1,44,16
"SIDG00981",21,20,2,138
"SIDG00988",81,34,124,5
"SIDG00994",213,1,205,259
"SIDG00995",32,35,198,5
"SIDG01008",3,0,153,7
"SIDG01023",45,28,875,43
"SIDG01025",57,10,17,294
"SIDG01027",38,6,46,7143
"SIDG01032",16,0,585,45
"SIDG01049",0,1,102,2
"SIDG01059",426,1,5144,220
"SIDG01061",35,1,117,332
"SIDG01064",0,0,248,6
"SIDG01068",100,2,3128,153
"SIDG01093",16,0,30,16
"SIDG01096",46,1,5,12
"SIDG01114",3775,110,889,95
"SIDG01118",5900,2568,338,3
"SIDG01119",113,0,256,366
"SIDG01127",102,2,0,9
"SIDG01139",7291,88,1678,8
"SIDG01143",5566,481,15261,683
"SIDG01144",0,17,1,8
"SIDG01152",7,279,4245,10
"SIDG01160",3,2,67,0
"SIDG01165",2,3,0,58
"SIDG01180",3,4,1075,1
"SIDG01191",373,17,4758,1693
"SIDG01207",417,2,611,752
"SIDG01208",4014,1,10928,8008
"SIDG01211",6,5,61,0
"SIDG01216",1023,0,124,5709
"SIDG01247",1638,915,39,6853
"SIDG01251",210,64,73,2444
"SIDG01252",722,309,52,9043
"SIDG01253",2,7,4,266
"SIDG01257",23,6598,241,1419
"SIDG01259",2,0,17,363
"SIDG01262",0,0,1,129
"SIDG01263",26685,6516,2285,241227
"SIDG01264",73,17084,10466,219237
"SIDG01268",900,478,175,12399
"SIDG01292",61533,1485,446,142
"SIDG01299",1,3,79,2
"SIDG01300",1,0,37,0
"SIDG01305",1,0,0,28
"SIDG01319",22,0,7,20
"SIDG01322",35,10,6585,180
"SIDG01325",97,6,15279,158
"SIDG01347",59,10,8935,77
"SIDG01365",5686,2931,627,18695
"SIDG01374",1174,2,402,424
"SIDG01377",0,29,9,0
"SIDG01378",5457,1087,15430,367
"SIDG01389",96,62,58,2061
"SIDG01390",217,16,10080,391
"SIDG01416",4192,741,1,2027
"SIDG01436",99,0,242,188
"SIDG01439",860,189,0,890
"SIDG01442",19,0,4,4
"SIDG01444",620,578,176,4114
"SIDG01482",5318,260,2775,4454
"SIDG01508",0,0,487,4
"SIDG01537",21,0,30,59
"SIDG01540",354,32,21,1407
"SIDG01546",608,101,7096,152
"SIDG01563",65,2,650,4237
"SIDG01581",996,430,1,1680
"SIDG01587",3,10,0,244
"SIDG01603",4509,7949,3147,97807
"SIDG01612",354,736,1,1223
"SIDG01619",1429,1147,8,2618
"SIDG01642",1878,1514,504,10057
"SIDG01643",35,0,589,26
"SIDG01672",182,372,82,1379
"SIDG01678",12243,7436,724,11728
"SIDG01680",37,0,20,207
"SIDG01695",30,0,2,1
"SIDG01700",146,0,456,4
"SIDG01701",4511,194,4743,9069
"SIDG01713",18,0,492,167
"SIDG01734",450,14,18,2601
"SIDG01789",3,0,1,137
"SIDG01808",8,0,25,0
"SIDG01878",36,14,307,10
"SIDG01923",48,0,115,783
"SIDG01934",106,7,0,11116
"SIDG01942",18,7,2,98
"SIDG01976",298,271,135,2457
"SIDG01983",3166,2022,84,6537
"SIDG01987",8,11,53,4640
"SIDG02005",7084,1996,164335,139
"SIDG02008",1515,523,1459,25888
"SIDG02019",1,101,2,299
"SIDG02025",175,0,14,80
"SIDG02026",28,6,178,5
"SIDG02047",2642,575,4002,198
"SIDG02050",1016,49,13088,6914
"SIDG02076",35,0,17,16
"SIDG02078",42,1,265,140
"SIDG02089",0,50,8248,241
"SIDG02104",96,0,21,376
"SIDG02112",0,1,1,40
"SIDG02124",0,133,1,23
"SIDG02171",23024,6698,934,33270
"SIDG02178",1605,1988,142,26035
"SIDG02182",1,0,93,1
"SIDG02189",847,42,4751,1245
"SIDG02227",1042,823,301,5177
"SIDG02230",1,0,175,1
"SIDG02231",77,7,2525,7
"SIDG02233",562,1,3143,165
"SIDG02234",141,0,139,457
"SIDG02237",198,0,2806,454
"SIDG02249",126,6,6,167
"SIDG02251",110,173,4454,270
"SIDG02253",46,1433,4563,17415
"SIDG02261",893,3,2528,2
"SIDG02262",38,1,2762,45
"SIDG02274",14,3,278,1
"SIDG02290",1,6,72,3
"SIDG02303",212,78,16224,227
"SIDG02304",5412,2610,235,11675
"SIDG02308",0,885,1,6723
"SIDG02313",28,0,2168,260
"SIDG02316",4,0,369,14
"SIDG02317",114,2,1,5
"SIDG02318",1155,822,264,9672
"SIDG02344",487,0,11091,4
"SIDG02354",9,0,20,477
"SIDG02358",762,2,1773,73
"SIDG02371",18,0,167,120
"SIDG02387",0,22,0,147
"SIDG02411",28,0,1,0
"SIDG02437",35,0,823,98
"SIDG02445",0,0,211,8
"SIDG02531",129,0,31,4
"SIDG02533",1439,1076,335,5889
"SIDG02568",86,3110,5583,18294
"SIDG02591",1246,425,864,17442
"SIDG02616",998,92,30400,1865
"SIDG02640",5230,3011,476,15013
"SIDG02641",4413,2444,274,8815
"SIDG02675",4034,3116,1386,23845
"SIDG02696",1,47,1,8
"SIDG02714",23,0,0,0
"SIDG02722",290,0,1846,218
"SIDG02752",1524,395,5903,271
"SIDG02753",172,76,3804,14
"SIDG02757",587,501,20,656
"SIDG02762",23,0,1001,34
"SIDG02779",370,3,114,49
"SIDG02787",3,78,470,7
"SIDG02799",42,0,14,11
"SIDG02801",37,34,32432,155
"SIDG02805",40,272,79,2863
"SIDG02807",0,0,29,0
"SIDG02826",0,0,0,35
"SIDG02844",51,0,207,99
"SIDG02851",19,10,348,16
"SIDG02858",3085,1036,465,7829
"SIDG02860",0,1,0,80
"SIDG02867",46,0,2,28
"SIDG02887",17,3,1555,17
"SIDG02896",273,274,637,32
"SIDG02931",44,0,18,9
"SIDG02933",39,0,77,82
"SIDG02939",199,320,43,2092
"SIDG02941",30,0,6,12
"SIDG02969",38,0,36,6
"SIDG02979",21,0,4,4
"SIDG02986",20,0,7,7
"SIDG02995",20,0,10,4
"SIDG03016",0,16,52,41
"SIDG03041",152,4,822,190
"SIDG03061",111,4,362,318
"SIDG03078",16,78,23,411
"SIDG03089",4845,218,8452,5449
"SIDG03106",1,2,1471,17
"SIDG03109",785,36,37,15
"SIDG03130",3,366,0,80
"SIDG03157",23,0,91,183
"SIDG03168",135,24,118,2
"SIDG03170",76,2,49,90
"SIDG03236",1165,880,138,4267
"SIDG03251",2,2,591,2
"SIDG03256",2,1,21,0
"SIDG03257",19,0,363,17
"SIDG03267",1051,588,209,7600
"SIDG03281",0,0,33,0
"SIDG03283",1056,1633,2468,60364
"SIDG03286",14,0,277,13
"SIDG03292",31,21,4321,65
"SIDG03298",2,5,350,15
"SIDG03299",921,6,2713,24
"SIDG03300",27,0,18,15
"SIDG03307",389,1,228,3510
"SIDG03310",131,6,918,21
"SIDG03312",16,0,22238,6784
"SIDG03315",2566,3,8881,5888
"SIDG03317",75,1,3,505
"SIDG03319",182,2,718,6
"SIDG03327",9,0,2,112
"SIDG03328",23,0,28,0
"SIDG03329",3,0,146,2
"SIDG03330",4,0,943,0
"SIDG03331",459,18,1380,219
"SIDG03341",90,1,10,0
"SIDG03344",3554,1198,1204,28
"SIDG03347",102,1971,15,1587
"SIDG03359",34,0,10,21
"SIDG03363",489,440,29,1212
"SIDG03366",755,16,3,68
"SIDG03367",34,0,26,80
"SIDG03390",0,0,0,21
"SIDG03392",464,87,1053,22
"SIDG03397",4023,32,1533,4301
"SIDG03421",38,224,11,85857
"SIDG03424",95,216,36,1994
"SIDG03435",382,10,302,316
"SIDG03439",42,0,20,171
"SIDG03455",16,6,1568,2
"SIDG03467",3,5,14,465
"SIDG03521",59,3,0,143
"SIDG03523",49,0,748,100
"SIDG03526",132,0,715,147
"SIDG03536",167,3,48,650
"SIDG03563",127,1,3,0
"SIDG03567",1180,754,135,7190
"SIDG03592",0,483,0,0
"SIDG03602",21,0,16,25
"SIDG03615",114,0,5,27
"SIDG03618",4,580,5,8
"SIDG03624",7,11,1,52
"SIDG03639",20,0,178,8
"SIDG03642",162,80,52,1924
"SIDG03681",17,0,16,44
"SIDG03685",23,0,23,51
"SIDG03689",53,0,13,9
"SIDG03702",1241,279,12,1047
"SIDG03707",44,0,55,104
"SIDG03709",175,1,1733,1074
"SIDG03721",26,0,12,6
"SIDG03743",0,105,6,3
"SIDG03746",4,10,17,0
"SIDG03748",20,0,39,55
"SIDG03750",45,0,8,4
"SIDG03751",42,1,28,24
"SIDG03753",1,0,40,0
"SIDG03756",47,0,996,484
"SIDG03761",36,0,59,4
"SIDG03772",81,0,70,13
"SIDG03780",25,0,2,2
"SIDG03795",7591,77,720,209
"SIDG03796",19,0,5,510
"SIDG03798",7,6,0,39
"SIDG03812",2,3,0,50
"SIDG03813",0,2,0,194
"SIDG03819",8,0,436,13
"SIDG03826",58,0,791,24
"SIDG03827",3917,2089,700,11761
"SIDG03828",9963,3579,991,26739
"SIDG03833",3518,2362,127,13898
"SIDG03839",15,18,1038,3
"SIDG03840",0,0,75,0
"SIDG03847",861,499,174,6636
"SIDG03850",0,0,0,765
"SIDG03876",40,54,1619,79
"SIDG03880",68,0,8,604
"SIDG03920",36,0,25,69
"SIDG03927",126,5,181,24
"SIDG03939",0,47,5,32
"SIDG03941",2,3,179,4
"SIDG03949",58,63,810,42
"SIDG03957",39,1123,23,91
"SIDG03959",59555,66,56,48
"SIDG03970",3,22,0,1119
"SIDG03980",65076,2430,1880,67694
"SIDG03992",4042,19,9627,424
"SIDG03997",40970,12110,14419,262687
"SIDG04001",5104,0,3635,353
"SIDG04027",2,6,0,46
"SIDG04039",4562,2251,337,17922
"SIDG04041",34,10,0,131
"SIDG04045",456,300,63,2152
"SIDG04076",5371,207,4529,1381
"SIDG04086",2285,1457,176,13373
"SIDG04089",2149,1101,259,7142
"SIDG04090",2197,791,60,4590
"SIDG04096",2839,1445,230,10586
"SIDG04097",1470,1434,408,14406
"SIDG04098",771,1098,409,14385
"SIDG04099",2673,1367,319,7282
"SIDG04102",11,47,11,677
"SIDG04107",911,6,16,4
"SIDG04118",16172,11,38178,107
"SIDG04119",13,243,246,5168
"SIDG04122",1,65,312,20
"SIDG04125",24,0,2,0
"SIDG04131",19,0,26,231
"SIDG04132",107,0,10,12
"SIDG04139",4087,4132,473,22675
"SIDG04168",3403,1103,27514,1369
"SIDG04169",12,4,3,428
"SIDG04174",461,1,1687,823
"SIDG04177",1,17,116,4
"SIDG04185",9,8,76095,0
"SIDG04192",0,0,18358,0
"SIDG04196",1434,997,196,3671
"SIDG04200",0,58,9,3
"SIDG04204",0,0,418,0
"SIDG04222",20,5,393,17
"SIDG04260",112,131,175,11895
"SIDG04277",0,0,4,116
"SIDG04306",1800,2006,5,18315
"SIDG04310",11,0,1,149
"SIDG04324",1584,970,75,4221
"SIDG04332",1343,632,173,11304
"SIDG04333",1091,653,107,2173
"SIDG04336",1561,1020,191,9420
"SIDG04344",49,41,6,120
"SIDG04346",2675,1610,149,19723
"SIDG04349",204,210,765,13
"SIDG04358",2606,1908,100,7348
"SIDG04369",50,0,43,79
"SIDG04378",700,2,2561,335
"SIDG04385",16,0,7,29
"SIDG04388",114,155,70,1572
"SIDG04417",11,229,160,201
"SIDG04430",0,21,4,1
"SIDG04432",2,0,35,1
"SIDG04437",69,0,125,60
"SIDG04438",121,1,486,321
"SIDG04446",45,0,37,7
"SIDG04459",20,9,906,47
"SIDG04465",3447,74,19,49
"SIDG04469",0,32,0,0
"SIDG04503",93,2,161,83
"SIDG04506",0,21,81,3
"SIDG04511",3015,1844,610,14424
"SIDG04556",42,0,3,7
"SIDG04570",35,2,0,16
"SIDG04581",7055,10339,576,14606
"SIDG04583",17,60,6,397
"SIDG04614",92,0,1673,173
"SIDG04615",44,2,241,1
"SIDG04620",141,6,38,279
"SIDG04621",40,0,5,1
"SIDG04622",801,8,7570,909
"SIDG04624",2028,778,346,1
"SIDG04627",21,0,0,58
"SIDG04629",23,81,16,314
"SIDG04632",2,61,11,16
"SIDG04633",2,0,2,94
"SIDG04634",65,0,0,14
"SIDG04643",5945,45,1936,4655
"SIDG04644",14390,523,4083,13821
"SIDG04651",40,0,11,166
"SIDG04657",8,11,524,1
"SIDG04659",760,23,278,1694
"SIDG04705",3,13,59,1432
"SIDG04708",5189,699,107,6407
"SIDG04710",19,2,1630,32
"SIDG04728",73,230,184,4727
"SIDG04730",47,180,1079,50
"SIDG04742",1,5,24,0
"SIDG04768",389,1,18566,263
"SIDG04783",14,1609,461,20
"SIDG04791",0,0,129,2
"SIDG04793",0,4,0,35
"SIDG04797",4,0,0,64
"SIDG04832",1940,2043,274,19621
"SIDG04835",21,0,0,3
"SIDG04839",78,0,105,16
"SIDG04840",12,0,104,5
"SIDG04841",5,0,79,2
"SIDG04845",90,4,10376,13
"SIDG04856",236,0,404,9
"SIDG04861",2123,82,9091,1430
"SIDG04868",21,0,4,1
"SIDG04874",5511,4,4333,17
"SIDG04888",21,0,3,0
"SIDG04889",3,0,49,1
"SIDG04898",2185,1278,113,10043
"SIDG04902",700,222,9707,90
"SIDG04931",390,4,463,56
"SIDG04933",25,648,3076,1579
"SIDG04957",324,475,0,109
"SIDG04971",0,17,53,39
"SIDG04982",293,17,381,1620
"SIDG05004",62,102,817,40
"SIDG05032",78,3,1990,2
"SIDG05043",733,5,10,4
"SIDG05045",1471,4,2286,63
"SIDG05054",19,0,9,4
"SIDG05058",17,0,18,12
"SIDG05064",2,0,75,2
"SIDG05074",573,6,290,4067
"SIDG05076",96,146,103,1
"SIDG05089",200,124,1471,23
"SIDG05093",24,10,3,64
"SIDG05094",24182,53,30,5
"SIDG05101",1581,750,313,12
"SIDG05102",2590,9,9406,2439
"SIDG05104",9576,470,28053,250
"SIDG05109",31282,5572,135660,4040
"SIDG05116",34785,425,4356,663
"SIDG05118",438,803,5,129
"SIDG05121",423,3,1,1
"SIDG05125",3930,2477,90574,3983
"SIDG05126",4184,2,7024,866
"SIDG05127",100,2932,1,129
"SIDG05135",1,6,1327,32
"SIDG05136",10,17,71,3
"SIDG05137",8,371,8977,79
"SIDG05138",3219,0,0,6
"SIDG05139",79,42,393,13
"SIDG05140",158,1,106,54
"SIDG05143",291,7,47,80
"SIDG05146",2,0,69,0
"SIDG05147",0,0,0,72
"SIDG05148",3014,16,771,186
"SIDG05152",133,0,312,1058
"SIDG05214",2559,23,1348,354
"SIDG05310",12,118,0,143
"SIDG05311",49,130,65,1339
"SIDG05314",394,24,1691,16
"SIDG05332",494,1379,43,5565
"SIDG05342",0,28,101,8
"SIDG05355",19,1,131,3
"SIDG05367",3303,5,4,2
"SIDG05371",0,0,37,1
"SIDG05373",59,24,21450,146
"SIDG05375",85,89,159,7
"SIDG05388",3,1,690,9
"SIDG05404",13,2,554,4
"SIDG05406",7798,791,24373,1473
"SIDG05420",1635,59,202,62
"SIDG05423",149,43,88,6036
"SIDG05427",5821,314,1196,107
"SIDG05442",71,11,130,3939
"SIDG05444",18323,16043,4590,156581
"SIDG05455",424,297,5,6788
"SIDG05462",17,0,19,0
"SIDG05478",1,13,2,135
"SIDG05496",19891,309,5297,1425
"SIDG05498",0,0,172,2
"SIDG05499",3,163,385,87
"SIDG05502",1,1,91,0
"SIDG05511",286,38,12230,5
"SIDG05514",118,1,544,28
"SIDG05553",64,23,0,16
"SIDG05558",100,73,0,1243
"SIDG05559",0,0,0,35
"SIDG05565",16,7,10,632
"SIDG05587",7,0,21,0
"SIDG05592",22,12,70,0
"SIDG05610",0,1,867,0
"SIDG05618",215,50,0,25
"SIDG05635",0,0,130,0
"SIDG05656",13486,561,41288,4059
"SIDG05663",0,0,9,857
"SIDG05666",80,0,0,108
"SIDG05667",8,0,127,2
"SIDG05673",128,3,5,0
"SIDG05680",22,0,10,2
"SIDG05681",19,0,144,161
"SIDG05686",25065,8337,12975,326335
"SIDG05688",2398,1162,1982,35000
"SIDG05689",14,2,0,98
"SIDG05696",0,0,0,163
"SIDG05705",25,5097,29971,39679
"SIDG05714",4029,1280,1830,49743
"SIDG05739",11,5,619,0
"SIDG05754",462,135,97707,2364
"SIDG05756",13,0,3635,9
"SIDG05757",13,0,4074,24
"SIDG05760",5911,849,1323103,7393
"SIDG05763",1,1,53,2
"SIDG05764",1168,2,0,0
"SIDG05773",22,11,3,94
"SIDG05793",54,1,21,0
"SIDG05807",4288,483,7355,62
"SIDG05869",114,1425,1044,114820
"SIDG05879",2552,36,1259,0
"SIDG05894",0,26,0,0
"SIDG05939",0,0,240,3
"SIDG05940",1,1,1097,15
"SIDG05944",4,3,2,96
"SIDG05950",3,10,71,1
"SIDG05955",0,0,175,1
"SIDG05978",62,6,3,115
"SIDG05980",8,10,342,9
"SIDG05981",6,0,212,1
"SIDG05983",5,100,54,5
"SIDG05989",33,0,54,33
"SIDG05997",5827,387,91083,9
"SIDG05999",30,3,247,9
"SIDG06001",0,0,0,38
"SIDG06009",30036,1205,2568,16108
"SIDG06016",12194,7919,4619,107053
"SIDG06017",3846,1,3352,327
"SIDG06021",70,1,674,0
"SIDG06055",16,0,546,34
"SIDG06092",84,0,258,76
"SIDG06093",45,0,18,5
"SIDG06103",0,0,21,0
"SIDG06104",0,0,27,0
"SIDG06116",198,1,13,19
"SIDG06118",24,0,45,28
"SIDG06123",688,21,2292,724
"SIDG06124",354,5,232,32
"SIDG06126",556,1636,209,3873
"SIDG06142",52,0,2,264
"SIDG06143",6,53544,3,736921
"SIDG06160",0,0,3,67
"SIDG06163",446,356,13919,143
"SIDG06173",1183,617,135,4286
"SIDG06180",5,79,1,732
"SIDG06187",246,78,1067,53
"SIDG06195",3,7,22857,0
"SIDG06237",36,1,19,3182
"SIDG06249",5,0,6960,2
"SIDG06264",3,0,91,4
"SIDG06276",51,1,304,104
"SIDG06329",1394,9,118,10
"SIDG06364",308,302,1728,85
"SIDG06366",37,16,1,125
"SIDG06380",23,0,6,19
"SIDG06381",1433,855,218,4768
"SIDG06387",715,2,864,100
"SIDG06388",101,71,102,1914
"SIDG06481",1269,20,3677,3083
"SIDG06482",29,0,1,0
"SIDG06483",8,0,179,6
"SIDG06487",112,2,272,624
"SIDG06491",9,1,5,160
"SIDG06493",223,11,212,359
"SIDG06494",29,0,98,72
"SIDG06525",9732,1624,24885,585
"SIDG06562",197,1,243,8
"SIDG06590",135,0,19,0
"SIDG06596",31,0,77,64
"SIDG06597",0,66,3,4
"SIDG06600",264,3,592,140
"SIDG06604",2741,91,161333,4771
"SIDG06605",110,0,392,23
"SIDG06608",19,0,35,41
"SIDG06630",308,8,20,1677
"SIDG06632",310,89,8372,313
"SIDG06641",4256,2562,144,6445
"SIDG06645",921,33,27,675
"SIDG06646",169,3828,625,1977
"SIDG06652",17,0,108,21
"SIDG06656",79,1,252,470
"SIDG06666",48,1,50,49
"SIDG06672",11,274,1396,1390
"SIDG06678",1,1,856,5
"SIDG06679",33,125,138,0
"SIDG06693",27,0,54,23
"SIDG06697",82,607,3394,49
"SIDG06699",20,4,401,13
"SIDG06705",189,10,614,54
"SIDG06706",17,177,1999,21
"SIDG06712",28,0,24,53
"SIDG06713",0,37,0,4
"SIDG06723",67,561,6,630
"SIDG06730",2,16,125,1
"SIDG06754",22,0,120,160
"SIDG06757",43,7,1012,9
"SIDG06785",16,0,6,6
"SIDG06791",2,0,0,103
"SIDG06796",2115,42,1633,545
"SIDG06844",100,9,3460,0
"SIDG06861",20,53,4,163
"SIDG06868",62,16,26,1475
"SIDG06880",347,0,36,12
"SIDG06881",1561,0,1450,157
"SIDG06913",14,6,35,1
"SIDG06967",301,4,4293,497
"SIDG06982",324,0,383,597
"SIDG07002",764,613,99,3711
"SIDG07003",1,38,456,1
"SIDG07004",0,4,38,0
"SIDG07005",24,453,1801,0
"SIDG07007",0,0,209,0
"SIDG07008",624,19,9491,810
"SIDG07009",1694,15,4996,558
"SIDG07030",2645,1688,200,10595
"SIDG07031",697,12,42,3104
"SIDG07047",1,0,98,4
"SIDG07172",0,5,10,188
"SIDG07205",17,24,81,6615
"SIDG07224",823,379,8972,98
"SIDG07227",1548,1042,540,19391
"SIDG07228",541,396,24,5355
"SIDG07242",1436,920,16,2930
"SIDG07246",24,0,142,109
"SIDG07251",19,0,41,38
"SIDG07254",8,690,1245,37
"SIDG07255",378,4,3199,9073
"SIDG07256",0,0,233,6
"SIDG07286",49,0,11,131
"SIDG07294",23,766,5787,4247
"SIDG07296",8,9,305,14
"SIDG07308",3074,8,1578,558
"SIDG07313",12221,17171,2245,68971
"SIDG07366",91,102,90876,2122
"SIDG07384",24,0,15,35
"SIDG07394",17,0,5,4
"SIDG07412",65,3,638,120
"SIDG07416",28,0,29,4
"SIDG07424",1,0,0,180
"SIDG07425",1278,27,6946,168
"SIDG07429",3,0,149,2
"SIDG07430",2465,136,1541,61
"SIDG07436",3,0,401,8
"SIDG07438",457,23,859,391
"SIDG07441",1889,16,22302,272
"SIDG07444",1399,593,331,6950
"SIDG07445",3,123,8,0
"SIDG07448",219,317,60,1691
"SIDG07457",850,30,44854,405
"SIDG07458",1,0,25,0
"SIDG07463",103,3,143,585
"SIDG07467",9884,1126,267613,3142
"SIDG07468",179,42,19836,589
"SIDG07470",0,4,5017,0
"SIDG07475",4188,257,643,296
"SIDG07493",52,0,481,129
"SIDG07500",1,0,5662,16
"SIDG07508",7,11,600,3
"SIDG07542",39,0,109,178
"SIDG07611",20,18,97,1891
"SIDG07614",139,2,400,226
"SIDG07643",28,0,476,670
"SIDG07644",2,1,118,6
"SIDG07655",797,114,10829,53
"SIDG07657",608,20,8768,62
"SIDG07658",29,178,193,0
"SIDG07673",1619,6,1563,916
"SIDG07678",270,3,714,525
"SIDG07687",21,0,1,0
"SIDG07698",5,0,0,42
"SIDG07733",91,2489,604,7989
"SIDG07734",1,35,4,16
"SIDG07735",2,0,3,71
"SIDG07747",773,7,2677,10
"SIDG07759",57,0,6,28
"SIDG07765",2242,61,9041,133
"SIDG07767",0,33,42,12
"SIDG07768",3729,1,6190,175
"SIDG07774",244,13,1033,310
"SIDG07775",44794,1888,52648,103814
"SIDG07780",2,0,67,2
"SIDG07781",25,824,54,339
"SIDG07782",39,1344,90,70
"SIDG07783",66,0,5,1723
"SIDG07788",13955,4332,3991,72415
"SIDG07794",60,62,22,722
"SIDG07813",11,0,104,0
"SIDG07815",2344,2686,61,5714
"SIDG07816",2,3,3,232
"SIDG07817",91,4,0,0
"SIDG07818",18,0,4,97
"SIDG07839",8,21,1,232
"SIDG07867",44,4,1120,32
"SIDG07877",39,0,51,14
"SIDG07878",16028,414,80128,4723
"SIDG07879",811,2132,67,17062
"SIDG07880",710,0,6512,136
"SIDG07883",62,0,46,1
"SIDG07885",0,0,98,3
"SIDG07888",227,8,4187,208
"SIDG07894",11,27,50,3777
"SIDG07896",1,22,139,7
"SIDG07914",107,78,3639,201
"SIDG07921",0,0,0,46
"SIDG07929",184,0,199,66
"SIDG07960",27,0,118,120
"SIDG07966",0,8,48,0
"SIDG07970",20,0,8,7
"SIDG07978",234,0,7,45
"SIDG08006",7,5,16,0
"SIDG08075",27,0,169,206
"SIDG08076",1,0,2,209
"SIDG08117",109,4,1760,40
"SIDG08121",1380,778,104,5549
"SIDG08124",50,3,6600,18
"SIDG08127",2,1,1031,8
"SIDG08129",19,11,7,279
"SIDG08132",146,821,219,8109
"SIDG08137",18,0,84,23
"SIDG08138",37,0,34,45
"SIDG08173",11,2,7,205
"SIDG08178",4,106,0,263
"SIDG08183",1686,8,2691,6314
"SIDG08190",11,49,1,55
"SIDG08195",2764,1760,106,6605
"SIDG08203",0,58,50,15
"SIDG08252",7620,161,3029,11
"SIDG08256",30,13,71,2
"SIDG08261",5,4,187,10
"SIDG08303",3476,3508,29,1561
"SIDG08329",11,0,9,312
"SIDG08353",1487,4,2052,141
"SIDG08357",142,186,19046,4
"SIDG08364",18,0,1439,0
"SIDG08394",22,0,46,156
"SIDG08395",3815,214,2414,9333
"SIDG08408",1,0,461,9
"SIDG08409",86,0,149,63
"SIDG08428",4,164,0,912
"SIDG08435",0,0,124,0
"SIDG08436",31,0,76,6
"SIDG08449",108,83,125,3536
"SIDG08451",255,277,74,1349
"SIDG08456",1,0,570,1
"SIDG08458",2022,1447,268,7614
"SIDG08461",699,174,25864,857
"SIDG08502",0,0,30,0
"SIDG08508",0,0,34,0
"SIDG08509",0,0,65,0
"SIDG08526",86,0,386,71
"SIDG08545",769,32,5059,4124
"SIDG08547",755,1,2417,1397
"SIDG08552",1549,928,5,6251
"SIDG08570",4651,3122,39941,45
"SIDG08575",4,0,1325,35
"SIDG08576",16,162,8,248
"SIDG08598",1157,1,1301,4
"SIDG08599",5,0,29,0
"SIDG08600",8,0,17,2146
"SIDG08606",99,0,1780,106
"SIDG08619",227,0,1708,1207
"SIDG08621",7,827,14,3909
"SIDG08624",81,3,2831,256
"SIDG08629",1105,4,8648,1076
"SIDG08643",0,9,8,469
"SIDG08647",30,0,11,7
"SIDG08653",210,0,1053,259
"SIDG08662",33,0,0,0
"SIDG08669",3,9,67,0
"SIDG08672",0,0,53,0
"SIDG08688",46,0,65,79
"SIDG08729",88,0,0,221
"SIDG08745",176,1,63,58
"SIDG08746",147,0,38,4
"SIDG08755",3,0,26,0
"SIDG08756",1,6,747,1
"SIDG08757",1,40,4359,6
"SIDG08773",16,0,45,15
"SIDG08785",3081,2410,639,20085
"SIDG08788",0,1,0,50
"SIDG08792",6514,4487,784,39126
"SIDG08795",59,5,1932,27
"SIDG08797",5350,2274,167,15061
"SIDG08803",12,92,139,7
"SIDG08805",0,0,49,0
"SIDG08826",42,138,13,328
"SIDG08827",5193,1,5402,157
"SIDG08828",69,5,1380,59
"SIDG08840",186,561,13442,448
"SIDG08842",1892,39,331,2216
"SIDG08843",107,646,2,50
"SIDG08844",1,90,9,267
"SIDG08847",14232,69,22054,502
"SIDG08859",1737,1021,136,32862
"SIDG08871",9,0,691,1
"SIDG08916",32,1,43,53
"SIDG08924",25,0,78,69
"SIDG08943",3,11,960,33
"SIDG08944",36,0,1,0
"SIDG08945",26,0,4,0
"SIDG08947",1957,3155,43,4529
"SIDG08948",19,77,0,491
"SIDG08949",79,204,1,379
"SIDG08971",21,0,22,5
"SIDG08973",5456,3817,110,18498
"SIDG08975",0,0,603,0
"SIDG09004",1,0,27,0
"SIDG09011",1428,0,32,12
"SIDG09015",2,0,59,2
"SIDG09019",73,22,1814,64
"SIDG09024",0,0,44,1
"SIDG09026",3866,1544,27,5881
"SIDG09029",169,395,9,456
"SIDG09041",234,0,21,26
"SIDG09043",28,0,149,30
"SIDG09046",1493,718,44573,1124
"SIDG09049",415,3,571,89
"SIDG09065",424,3,579,560
"SIDG09071",54,1,757,347
"SIDG09084",2467,1086,58,2754
"SIDG09090",138,0,35,47
"SIDG09091",315,16,1303,188
"SIDG09103",6520,2258,146,5
"SIDG09112",1269,27,8551,1130
"SIDG09117",631,288,247,5804
"SIDG09128",16,0,59,2
"SIDG09136",125,28,19,420
"SIDG09177",701,31,6726,19
"SIDG09183",939,50,61585,45
"SIDG09187",289,69,650,33
"SIDG09203",2675,8904,3908,190833
"SIDG09205",180,75,3409,103
"SIDG09219",1,554,1,0
"SIDG09233",235,0,86,1
"SIDG09243",162,8,228,3346
"SIDG09244",42,0,546,15
"SIDG09256",477,447,2,165
"SIDG09265",20553,943,27537,909
"SIDG09266",6397,206,50615,204
"SIDG09277",119,0,3,94
"SIDG09286",40,0,156,34
"SIDG09294",1447,0,203,345
"SIDG09295",688,0,2123,6231
"SIDG09298",19,0,51,59
"SIDG09308",4,0,6074,87
"SIDG09309",11,0,3624,64
"SIDG09310",4779,1298,174,13160
"SIDG09321",181,8,1281,364
"SIDG09324",301,9,3205,1976
"SIDG09333",0,0,213,1
"SIDG09339",75,0,19,48
"SIDG09342",12,0,0,49
"SIDG09457",97,12,180,4941
"SIDG09467",10080,1367,197,6124
"SIDG09468",23926,1491,2542,13575
"SIDG09483",1,618,1,9652
"SIDG09498",2339,473,248,9543
"SIDG09504",24973,1248,15849,22294
"SIDG09507",0,14,1,91
"SIDG09508",0,0,0,32
"SIDG09509",559,0,161,420
"SIDG09511",262,0,731,35
"SIDG09514",35,1,23,30
"SIDG09526",27414,5075,105155,114
"SIDG09527",17,0,3,1
"SIDG09540",17504,1086,101164,7761
"SIDG09543",18,0,9,48
"SIDG09545",49,5,330,6
"SIDG09551",21,0,73,54
"SIDG09626",0,0,24,0
"SIDG09628",28,0,108,101
"SIDG09640",19892,13573,39,47901
"SIDG09643",88,1,9,3821
"SIDG09649",12,138,1,572
"SIDG09662",1213,10,8206,600
"SIDG09663",583,42,3284,31
"SIDG09688",7,0,164,3
"SIDG09696",1102,1,2224,2455
"SIDG09699",0,1,0,113
"SIDG09702",94,0,9,8
"SIDG09703",2,8,218,8022
"SIDG09705",30,8,5789,123
"SIDG09706",2,0,22,0
"SIDG09707",16,172,1430,0
"SIDG09713",45,0,180,489
"SIDG09727",11,0,483,0
"SIDG09728",299,9,14812,3
"SIDG09739",4,0,1528,0
"SIDG09749",28,0,3068,1
"SIDG09751",5,0,890,13
"SIDG09752",3,39,435,25
"SIDG09764",120,420,159,3969
"SIDG09766",49,1648,10072,1366
"SIDG09774",4612,1,4307,1625
"SIDG09779",1109,3,5170,4536
"SIDG09793",162,0,5,9
"SIDG09798",211,4,2236,48
"SIDG09806",0,0,46,0
"SIDG09810",12,3,243,7
"SIDG09815",48,0,431,20
"SIDG09835",16,0,15,18
"SIDG09854",0,0,3,64
"SIDG09860",5,71,19,14217
"SIDG09871",514,412,156,4434
"SIDG09873",125,20,20,545
"SIDG09881",433,408,35730,1796
"SIDG09892",104,5,360,21
"SIDG09895",1,0,79,3
"SIDG09896",1387,38,19286,3069
"SIDG09897",67,0,239,119
"SIDG09910",165,0,2,0
"SIDG09926",11,0,10,516
"SIDG09950",132,3,604,179
"SIDG09956",544,135,432,31212
"SIDG09957",0,0,0,47
"SIDG09959",28,0,8,91
"SIDG09964",2,253,1,0
"SIDG09974",17,7,4388,26
"SIDG09989",5235,3033,1740,29374
"SIDG10025",445,199,188,3369
"SIDG10030",1913,5,9732,156
"SIDG10031",2533,0,212,68
"SIDG10087",0,47,0,0
"SIDG10096",1512,1444,456,9284
"SIDG10097",1116,812,144,5024
"SIDG10099",2961,745,675,12516
"SIDG10110",602,1418,252,11034
"SIDG10118",50,2326,82,3730
"SIDG10120",0,0,227,1
"SIDG10127",8,66,6,878
"SIDG10150",205,26,35,1228
"SIDG10170",4740,545,58,21970
"SIDG10171",5,0,4,109
"SIDG10175",818,10,36,227
"SIDG10176",4067,88,9996,1235
"SIDG10181",24,0,1,0
"SIDG10182",48,2,286,72
"SIDG10184",331,12,419,9
"SIDG10187",880,155,18723,280
"SIDG10195",36,1,5,0
"SIDG10197",32,0,0,6
"SIDG10200",526,5,1968,999
"SIDG10211",3,0,598,9
"SIDG10228",957,253,7,6167
"SIDG10237",14,0,0,24
"SIDG10240",49,0,0,0
"SIDG10242",80,0,2,65
"SIDG10267",2344,968,224,11654
"SIDG10270",1894,838,177,65146
"SIDG10290",45,35,7,326
"SIDG10293",20,0,0,1
"SIDG10304",1340,154,21555,296
"SIDG10311",9369,1423,460,17721
"SIDG10355",2,76,10,58
"SIDG10399",1,0,65,3
"SIDG10405",28,0,3,1
"SIDG10460",828,1,0,497
"SIDG10462",1171,8,330,158
"SIDG10463",29,0,290,26
"SIDG10475",48,28,860,52
"SIDG10483",32,0,141,25
"SIDG10484",1036,3983,407,72807
"SIDG10492",45002,51261,6316,330824
"SIDG10498",36,0,5,23
"SIDG10501",5,13,0,42
"SIDG10507",141,0,0,1
"SIDG10508",79,0,164,13
"SIDG10515",31,4,1827,113
"SIDG10519",151,1,2179,15
"SIDG10526",292,220,29,1740
"SIDG10530",23,0,23,36
"SIDG10539",457,0,91,1177
"SIDG10540",0,1,47,0
"SIDG10559",11,598,85,13216
"SIDG10569",42,1,169,221
"SIDG10596",20,2,99,2668
"SIDG10610",30,39,24,0
"SIDG10614",1357,945,0,811
"SIDG10617",279,2,324,35
"SIDG10620",2104,571,4,4729
"SIDG10631",155,0,3,176
"SIDG10636",153,5,402,7
"SIDG10638",91,34,42,793
"SIDG10640",54,2,2551,91
"SIDG10642",208,1,264,259
"SIDG10645",1,5,605,0
"SIDG10648",1940,2,53,23
"SIDG10651",42,0,38,127
"SIDG10653",201,0,16,191
"SIDG10654",37,0,204,26
"SIDG10657",19,0,16,12
"SIDG10660",70,3,0,6
"SIDG10664",459,2,0,8
"SIDG10665",69,0,2,243
"SIDG10672",18,4,638,11
"SIDG10683",7,0,2,113
"SIDG10710",4,1,813,0
"SIDG10721",38,0,277,135
"SIDG10750",20,378,2,21
"SIDG10847",2976,2172,490,12232
"SIDG10858",523,1,4123,238
"SIDG10860",17,0,13,7
"SIDG10864",26,0,26,0
"SIDG10885",70,14,11,269
"SIDG10902",14,1777,119,15781
"SIDG10918",0,7,552,8
"SIDG10957",582,214,59,9907
"SIDG10975",12,11,321,10
"SIDG10979",855,0,425,109
"SIDG10980",113,0,59,29
"SIDG10986",20,0,347,232
"SIDG10988",49,0,50,83
"SIDG10997",36,0,4,1
"SIDG11030",4,451,96,1
"SIDG11043",4,111,0,173
"SIDG11060",131,1,442,123
"SIDG11062",22,0,966,678
"SIDG11076",17,0,8,4
"SIDG11081",0,213,0,1
"SIDG11093",797,0,261,261
"SIDG11097",50,2,9,40
"SIDG11123",10194,263,18036,6473
"SIDG11144",36,0,183,3
"SIDG11159",28,1,316,9
"SIDG11176",20,302,0,381
"SIDG11205",32,0,12,196
"SIDG11220",10,8,714,24
"SIDG11225",0,17,7,9
"SIDG11228",400,0,950,11416
"SIDG11229",42,0,604,787
"SIDG11231",44,0,83,65
"SIDG11237",60,28,5353,70
"SIDG11239",11,3,4177,7
"SIDG11272",213,64,78,1336
"SIDG11291",2,5,0,16
"SIDG11300",1750,11,3759,1542
"SIDG11319",230,11,2755,415
"SIDG11322",60,11,95,1
"SIDG11325",161,8,180,154
"SIDG11338",114,0,491,34
"SIDG11352",146,6,238,45
"SIDG11353",413,18,33,17
"SIDG11362",38,0,9,0
"SIDG11363",19,0,72,48
"SIDG11364",26,0,101,39
"SIDG11367",377,4,1585,783
"SIDG11374",25,0,268,29
"SIDG11378",21,0,158,89
"SIDG11380",239,10,257,291
"SIDG11384",7862,2113,259,15292
"SIDG11392",1941,360,414,8400
"SIDG11394",40539,2435,63114,21936
"SIDG11398",429,10,2,47
"SIDG11400",17098,1402,1939,32377
"SIDG11403",4522,396,45,5344
"SIDG11405",204,0,0,271
"SIDG11406",196,7,0,30
"SIDG11407",238,5,70,2165
"SIDG11409",343,0,23,257
"SIDG11411",53493,2556,292,27023
"SIDG11412",5295,234,1350,12077
"SIDG11416",601,45,367,7750
"SIDG11417",932,52,86,654
"SIDG11441",20,1,386,0
"SIDG11442",0,0,0,471
"SIDG11457",47173,22366,8170,159625
"SIDG11464",35,0,2,0
"SIDG11512",0,21,20,69
"SIDG11524",0,0,22,0
"SIDG11660",2133,1476,261,13508
"SIDG11665",0,71,0,1
"SIDG11667",7,14,135,0
"SIDG11668",17,0,1647,11
"SIDG11675",48,1,452,238
"SIDG11677",124,210,578,20
"SIDG11707",0,0,25,0
"SIDG11786",0,0,22,0
"SIDG11804",17,0,85,127
"SIDG11819",75,2,682,387
"SIDG11836",0,0,579,0
"SIDG11845",16,104,1991,1
"SIDG11849",857,273,17629,901
"SIDG11851",658,295,2542,77
"SIDG11852",135,53,92,4
"SIDG11854",500,98,6533,107
"SIDG11855",259,77,942,7
"SIDG11856",1794,864,6368,86
"SIDG11859",218,101,880,50
"SIDG11861",2,48,433,1
"SIDG11862",29,576,5303,50
"SIDG11863",0,7,16,0
"SIDG11864",118,174,6807,189
"SIDG11873",3674,769,370,11
"SIDG11896",140,130,5,886
"SIDG11902",5,226,798,2742
"SIDG11903",13,389,1,11
"SIDG11904",2,135,0,12
"SIDG11919",14,373,1,1469
"SIDG11948",77,0,1115,277
"SIDG11949",0,26,0,2
"SIDG11950",2,340,1,0
"SIDG11955",1829,25,9152,16
"SIDG11958",20,0,72,106
"SIDG11959",11,75,30,4221
"SIDG11966",740,1,750,185
"SIDG11967",425,1,10,118
"SIDG11969",707,0,249,10
"SIDG11975",453,0,63,3
"SIDG11995",35,1,314,78
"SIDG12007",24,0,323,228
"SIDG12015",22,0,126,30
"SIDG12045",1897,225,7543,207
"SIDG12054",46,60,1,199
"SIDG12092",11,331,391,2117
"SIDG12093",20,0,11,11
"SIDG12133",0,24,9,28
"SIDG12167",4,0,227,3
"SIDG12173",97,661,0,1602
"SIDG12174",62,263,2321,0
"SIDG12197",598,0,25,188
"SIDG12200",47,0,53,94
"SIDG12209",34,0,201,537
"SIDG12224",0,0,35,0
"SIDG12241",1529,12,0,0
"SIDG12250",0,0,571,17
"SIDG12258",0,0,3,272
"SIDG12259",1055,14,3296,277
"SIDG12265",2164,89,984,1823
"SIDG12266",6339,218,452,3513
"SIDG12309",1339,602,713,42789
"SIDG12311",61,10,105,4372
"SIDG12317",18,12,21,2471
"SIDG12326",10,89,67,6291
"SIDG12327",335,749,56,9491
"SIDG12357",23,0,2199,6
"SIDG12411",42,0,17,452
"SIDG12423",102809,20574,771248,10186
"SIDG12425",112017,3248,58,98
"SIDG12427",60,994,9365,12250
"SIDG12436",236,79,8,257
"SIDG12437",32,44,6,128
"SIDG12501",7,6,18,0
"SIDG12560",0,0,23,0
"SIDG12561",0,0,26,0
"SIDG12562",1,0,31,0
"SIDG12564",0,0,23,0
"SIDG12567",0,0,52,0
"SIDG12569",0,0,185,0
"SIDG12613",0,0,200,0
"SIDG12615",1,0,36,0
"SIDG12627",0,0,44,0
"SIDG12641",0,0,21,0
"SIDG12642",0,0,29,0
"SIDG12823",71,4,12,332
"SIDG12905",5,0,1435,33
"SIDG12907",31,0,17,5
"SIDG12912",52,1,87,314
"SIDG12913",75,1492,50,8941
"SIDG12917",19,0,3,4
"SIDG12933",1964,10,139725,2
"SIDG12934",1827,14,255234,112
"SIDG12936",1323,5,11627,439
"SIDG12941",15,1,12733,2
"SIDG12943",21,0,0,7
"SIDG12946",141,10,13,585
"SIDG12955",51,8,11792,6
"SIDG12962",1251,10,542,364
"SIDG12973",1610,14,158582,38
"SIDG12986",21,0,1960,94
"SIDG12987",403,355,2024,62061
"SIDG12990",1,0,74,1
"SIDG13001",117,2,9488,128
"SIDG13002",0,0,112,0
"SIDG13017",87,36,245382,669
"SIDG13023",690,0,3477,12
"SIDG13024",86,15,11411,9
"SIDG13025",5,146,35,86
"SIDG13026",31,0,205,7
"SIDG13028",4,0,17,0
"SIDG13031",31,0,71,22
"SIDG13069",2,0,756,11
"SIDG13074",344,0,1,0
"SIDG13090",284,13,402972,63
"SIDG13091",1,1,553,24
"SIDG13092",1220,1,122,166
"SIDG13115",270,3,1003,38
"SIDG13121",6,132,9,25
"SIDG13130",150,6,4,431
"SIDG13132",15,645,47,6705
"SIDG13134",5,0,110,3
"SIDG13140",41,1,135,39
"SIDG13167",99,42,1,67
"SIDG13207",3886,1655,594,16116
"SIDG13210",4,0,2,52
"SIDG13214",62,0,102,53
"SIDG13218",272,87,4478,181
"SIDG13219",7,264,3739,415
"SIDG13228",13534,1966,625,52256
"SIDG13238",1891,63,9029,1772
"SIDG13241",2198,0,373,1
"SIDG13244",0,2,0,46
"SIDG13246",44,0,72,8
"SIDG13249",18,3,25,1290
"SIDG13264",28,0,85,9
"SIDG13266",1737,367,15,627
"SIDG13267",23,0,164,56
"SIDG13288",22766,1032,7955,10081
"SIDG13291",42791,2581,26670,97440
"SIDG13300",67948,648,1750,144
"SIDG13304",0,46,20,63
"SIDG13307",23,380,34,5448
"SIDG13313",33,50,1051,24
"SIDG13314",4,10,33,1
"SIDG13315",26091,13099,1328,43418
"SIDG13319",16,0,4,2
"SIDG13331",23479,7574,102,20897
"SIDG13335",141,415,218,11
"SIDG13352",681,298,2,1298
"SIDG13381",189,2,1694,27
"SIDG13383",0,0,0,73
"SIDG13389",85,8,1184,15
"SIDG13407",203,6,18,30
"SIDG13419",14076,500,63560,21881
"SIDG13425",2049,14,1754,794
"SIDG13426",3641,3499,3824,97566
"SIDG13442",7740,5678,2570,55474
"SIDG13461",320,443,735,14921
"SIDG13469",115,30,218,4
"SIDG13475",224,316,37,979
"SIDG13477",223,1,4,0
"SIDG13482",169,120,2,1012
"SIDG13485",165,196,2745,126314
"SIDG13489",766,5,26,353
"SIDG13491",0,18,6021,1631
"SIDG13494",0,0,26,0
"SIDG13501",4,90,17,19
"SIDG13504",248,0,28,0
"SIDG13512",51,0,278,112
"SIDG13514",4,0,362,4
"SIDG13517",45,0,2461,996
"SIDG13521",285,3,4669,4021
"SIDG13523",0,0,35,1
"SIDG13525",226,1,117,200
"SIDG13528",28,0,602,14
"SIDG13532",16,0,112,1
"SIDG13534",113,559,13,618
"SIDG13537",50,13,0,775
"SIDG13538",180,38,10644,553
"SIDG13543",129,2,79,349
"SIDG13552",0,0,2,66
"SIDG13553",3,117,416,792
"SIDG13558",7417,6,9426,9343
"SIDG13559",49,0,27,21
"SIDG13564",3,23,78,2
"SIDG13565",96,67,967,18
"SIDG13567",382,14,162,303
"SIDG13568",53,0,645,224
"SIDG13569",57,111,29,2875
"SIDG13570",5895,10,28507,1633
"SIDG13577",56,3,4,217
"SIDG13579",16,799,908,4414
"SIDG13582",0,17,10,46
"SIDG13586",2131,7,2696,4874
"SIDG13588",37,0,152,11
"SIDG13613",280,144,19,2633
"SIDG13646",2,1,8379,3
"SIDG13649",2415,293,117071,5997
"SIDG13653",1079,309,483,12946
"SIDG13656",16,0,39,143
"SIDG13665",197,0,11,0
"SIDG13685",96,0,102,65
"SIDG13686",521,169,7897,470
"SIDG13688",6562,3938,6414,201911
"SIDG13700",50,0,91,124
"SIDG13702",113,4,11903,107
"SIDG13706",2712,492,18808,730
"SIDG13710",443,158,1992,107
"SIDG13711",9,7,3248,97
"SIDG13712",3540,70,7192,169
"SIDG13726",4060,2625,330,17545
"SIDG13731",4780,2402,119,7033
"SIDG13734",24,8,333,12
"SIDG13746",1739,1460,155,8186
"SIDG13748",19,5,446,22
"SIDG13750",2393,1518,153,8961
"SIDG13753",5168,2055,106,17201
"SIDG13756",33,8,3670,37
"SIDG13758",5044,2706,911,24618
"SIDG13760",31,0,69,21
"SIDG13768",3138,2125,334,10872
"SIDG13792",14,1,268,12
"SIDG13793",1111,84,993,58
"SIDG13799",40,6,0,1833
"SIDG13819",1937,17,8126,4916
"SIDG13821",1031,34,36050,546
"SIDG13832",1954,88,4618,11040
"SIDG13865",857,3,325,37
"SIDG13866",1,8,4,230
"SIDG13880",1,0,82,0
"SIDG13887",7,4,1,121
"SIDG13892",2,0,272,8
"SIDG13903",0,0,1,35
"SIDG13936",3965,2401,279,6443
"SIDG13962",848,21,7730,3640
"SIDG13976",0,0,0,193
"SIDG13982",32,36,255,13
"SIDG14036",16,0,9,2
"SIDG14044",225,1,127,89
"SIDG14068",21,0,197,92
"SIDG14123",18,0,2,11
"SIDG14145",0,8,0,249
"SIDG14167",0,0,0,64
"SIDG14170",12,0,1,639
"SIDG14227",2,0,497,28
"SIDG14231",24,0,0,6
"SIDG14275",0,0,0,24
"SIDG14305",1820,42,8584,1912
"SIDG14307",358,0,21,7
"SIDG14317",229,19,26617,995
"SIDG14333",60,0,2920,147
"SIDG14367",6,28,2287,28
"SIDG14368",0,39,1,1
"SIDG14382",226,34,729,8
"SIDG14400",0,0,36,0
"SIDG14416",91,60,949,41
"SIDG14421",52,0,0,5
"SIDG14427",0,33,742,520
"SIDG14436",0,0,57,2
"SIDG14437",0,0,21,0
"SIDG14440",3,0,31,0
"SIDG14460",50,1,158,173
"SIDG14466",24,31,45954,15
"SIDG14476",130,214,277,6791
"SIDG14477",268,341,9,8509
"SIDG14483",38,0,63,2
"SIDG14486",32,0,2,1
"SIDG14503",4,63,1,109
"SIDG14515",39,254,65,1709
"SIDG14518",30,2,604,0
"SIDG14548",5016,17604,8928,199473
"SIDG14549",18582,12476,8793,141710
"SIDG14551",8,0,78,1
"SIDG14552",11,0,603,0
"SIDG14559",0,88,0,0
"SIDG14565",1,1,12,247
"SIDG14566",204,463,83,1792
"SIDG14579",1,31,0,219
"SIDG14581",4,109,0,285
"SIDG14582",8,776,3,29780
"SIDG14584",302,0,2984,0
"SIDG14590",0,281,67,7
"SIDG14591",1,0,113,4
"SIDG14592",291,118,318,14
"SIDG14597",12,0,235,9
"SIDG14598",131,4,33,11
"SIDG14602",863,10,12157,186
"SIDG14603",38,0,88,34
"SIDG14623",8275,198,11055,16
"SIDG14635",40,1,351,56
"SIDG14650",27,0,8,5
"SIDG14654",2,1,7,219
"SIDG14674",334,0,2366,7
"SIDG14675",0,1,2607,0
"SIDG14681",42,0,1,0
"SIDG14682",1,383,3696,0
"SIDG14687",4,0,289,0
"SIDG14689",19,0,152,21
"SIDG14700",31,0,24,13
"SIDG14720",0,14,0,45
"SIDG14726",17,0,576,10
"SIDG14735",36,0,0,0
"SIDG14769",2,97,30,253
"SIDG14828",36,21,397,0
"SIDG14842",98,22,80,0
"SIDG14843",0,0,46,0
"SIDG14850",15,7,0,134
"SIDG14852",0,0,2,48
"SIDG14855",70,84,1289,24
"SIDG14871",0,34,2,29
"SIDG14890",71,466,1,4821
"SIDG14892",22,235,4,5655
"SIDG14915",0,4,187,0
"SIDG14927",638,316,7237,22
"SIDG14931",16,0,99,33
"SIDG14959",9,0,18,0
"SIDG14975",6,1,332,9
"SIDG14981",471,0,24,112
"SIDG14987",46,0,92,0
"SIDG15001",1982,106,239,2129
"SIDG15002",27,3,63,2
"SIDG15012",0,0,0,47
"SIDG15018",0,0,417,4
"SIDG15022",114,0,245,395
"SIDG15025",0,231,0,24
"SIDG15027",0,0,26,0
"SIDG15032",25,0,2253,16
"SIDG15052",33,0,99,133
"SIDG15053",2,4,2,88
"SIDG15056",2,0,209,1
"SIDG15057",0,16,207,2
"SIDG15066",424,4,2119,1975
"SIDG15069",23,0,42,1
"SIDG15071",5,0,283,11
"SIDG15073",21,0,180,181
"SIDG15074",22,0,9,36
"SIDG15076",176,17,5928,5
"SIDG15080",2,76,113,77
"SIDG15104",0,20,1,0
"SIDG15107",169,6,244,236
"SIDG15117",1,0,72,0
"SIDG15118",661,105,2600,42
"SIDG15129",867,131,794,8
"SIDG15145",16,0,6,36
"SIDG15157",444,0,4780,1185
"SIDG15168",0,0,59,0
"SIDG15173",1,0,3376,0
"SIDG15215",9,0,118,1
"SIDG15218",17,0,0,7
"SIDG15225",13,0,112,0
"SIDG15226",70,0,0,0
"SIDG15233",0,240,13,166
"SIDG15241",0,0,135,0
"SIDG15246",3,0,52,2
"SIDG15258",17,0,452,200
"SIDG15267",17,0,21,13
"SIDG15274",4,3,10,456
"SIDG15278",0,31,0,55
"SIDG15291",50,4,534,30
"SIDG15295",0,11,0,20
"SIDG15296",0,22,1,8
"SIDG15299",0,0,56,0
"SIDG15305",0,0,841,0
"SIDG15308",2,150,155,471
"SIDG15310",1,1,111,0
"SIDG15312",19,0,67,62
"SIDG15325",17,0,23,85
"SIDG15342",1,1,7123,2
"SIDG15358",1,0,101,2
"SIDG15360",7,9,3,203
"SIDG15363",0,0,25,0
"SIDG15364",71,0,0,57
"SIDG15366",318,15,0,98
"SIDG15380",48,9,14261,1
"SIDG15398",0,0,22,0
"SIDG15400",1,120,5,2820
"SIDG15401",0,12,0,123
"SIDG15402",1,35,5,144
"SIDG15432",0,25,23,42
"SIDG15433",8,0,1,41
"SIDG15441",18,16,6,347
"SIDG15456",1,0,848,2
"SIDG15469",0,0,6,161
"SIDG15474",11,457,1,49
"SIDG15486",21,0,7,25
"SIDG15498",2,0,42,0
"SIDG15501",114,0,3,0
"SIDG15506",65,3,89,48
"SIDG15542",0,0,0,239
"SIDG15553",0,143,42,20
"SIDG15556",18,0,2255,25
"SIDG15562",1,0,39,0
"SIDG15568",1,149,30,982
"SIDG15580",59,0,9,17
"SIDG15609",25,0,0,1
"SIDG15611",219,6,320,84
"SIDG15645",20,13,504,28
"SIDG16598",34,0,1,0
"SIDG16600",18,0,3,4
"SIDG16602",40,0,111,0
"SIDG16604",47,199,341,15747
"SIDG16608",7,0,72,2
"SIDG16635",5,1,0,21
"SIDG16645",0,0,104,5
"SIDG16661",5491,3359,357,19597
"SIDG16667",11,0,73,0
"SIDG16668",174,1,45,47
"SIDG16669",340,4,0,0
"SIDG16672",68,35,296,2
"SIDG16674",0,54,4,0
"SIDG16706",145,5,5,55
"SIDG16719",0,8,48,1
"SIDG16730",40,393,178,6369
"SIDG16740",261,3,1,507
"SIDG16750",260,0,325,2
"SIDG16754",1839,23,5269,5536
"SIDG16764",265,1,179,29
"SIDG16765",800,2782,17,10397
"SIDG16767",524,421,4559,41
"SIDG16773",9275,2207,1413,29272
"SIDG16783",52,0,66,1640
"SIDG16790",0,0,33,0
"SIDG16799",34,23,14,927
"SIDG16805",664,9,11,14
"SIDG16832",2,2,3,97
"SIDG16843",0,0,551,0
"SIDG16849",1138,681,229,5073
"SIDG16862",145,0,92,61
"SIDG16865",488,8,9,1
"SIDG16877",68,64,962,7
"SIDG16886",13,375,98,137
"SIDG16891",21,0,0,0
"SIDG16892",62,1075,31,53
"SIDG16895",2,7,50,2
"SIDG16927",43,1,6,3
"SIDG16934",2,1,151,6
"SIDG16939",14122,27,2033,1722
"SIDG16956",364,0,4161,86
"SIDG16967",28,0,360,36
"SIDG16979",426,14,19223,7
"SIDG16991",2,61,19,25
"SIDG17001",9,0,111,1
"SIDG17036",6580,2737,198,73680
"SIDG17040",54,55,1,1629
"SIDG17046",19,0,0,4
"SIDG17047",56,113,65,2
"SIDG17060",4302,2180,603,12690
"SIDG17068",880,21,329,6565
"SIDG17070",5,0,159,5
"SIDG17072",4,1,21,1290
"SIDG17083",374,9,267,0
"SIDG17095",190,271,8137,26
"SIDG17096",42,346,285,1
"SIDG17110",4,137,0,343
"SIDG17116",26,0,0,13
"SIDG17121",3,0,0,84
"SIDG17122",638,13,735,2599
"SIDG17128",39,960,19657,8722
"SIDG17133",5,0,0,19
"SIDG17139",101,2,47,62
"SIDG17141",13,1,2,95
"SIDG17150",20,17,3,572
"SIDG17151",31,0,39,25
"SIDG17158",3173,19,3015,3998
"SIDG17172",17,5,688,18
"SIDG17179",64,2,546,20
"SIDG17180",68,0,25,0
"SIDG17183",575,1,23017,215
"SIDG17198",403,185,6,1255
"SIDG17207",269,60,2067,121
"SIDG17229",107,5,1364,67
"SIDG17277",5,86,0,516
"SIDG17278",390,211,687,2
"SIDG17281",71,2,361,8
"SIDG17324",5,1,3175,121
"SIDG17335",27,0,4,6
"SIDG17338",0,3,96,13049
"SIDG17341",0,0,3,87
"SIDG17344",948,1311,130,12248
"SIDG17352",2,1,0,268
"SIDG17368",4,0,0,36
"SIDG17380",85,9847,1237,164934
"SIDG17390",19,0,0,935
"SIDG17408",14522,753,4699,16629
"SIDG17409",72,0,24,131
"SIDG17424",4173,3461,1441,36827
"SIDG17430",1076,793,119,2717
"SIDG17441",11,0,0,42
"SIDG17446",338,7,937,505
"SIDG17457",80,356,1761,2
"SIDG17460",1861,84,7568,9091
"SIDG17463",54,1,22,44
"SIDG17473",2189,728,4162,4
"SIDG17476",183,6,4,8
"SIDG17480",127,6,1403,26
"SIDG17494",239,0,3409,626
"SIDG17544",53,8,98457,19
"SIDG17545",20,0,2188,70
"SIDG17546",4,0,1570,0
"SIDG17547",6,10,15,1637
"SIDG17550",21,1634,8336,7
"SIDG17557",0,0,117,0
"SIDG17567",3658,2470,194,14712
"SIDG17569",34,2648,31937,190829
"SIDG17598",145,84,3266,4
"SIDG17619",34,107,17,2945
"SIDG17642",157,36,5007,179
"SIDG17649",4,89,295,46
"SIDG17659",52,4,1169,6
"SIDG17690",547,4,610,170
"SIDG17700",17342,2396,10728,395
"SIDG17702",1,0,116,2402
"SIDG17748",0,2,0,2999
"SIDG17768",270,9,891,98
"SIDG17798",4,0,238,1
"SIDG17816",1723,266,43809,612
"SIDG17826",3,0,292,5
"SIDG17832",8,36,1215,54
"SIDG17840",0,0,442,0
"SIDG17841",3,0,4577,17
"SIDG17851",0,0,39,0
"SIDG17857",2,65,11,64
"SIDG17859",0,0,32,1
"SIDG17860",4624,730,1679,88
"SIDG17879",18,0,192,4
"SIDG17894",0,0,33,0
"SIDG17900",174,24,1489,86
"SIDG17916",1,0,28,0
"SIDG17923",0,0,48,0
"SIDG17925",214,67,1694,0
"SIDG17927",46,2,714,13
"SIDG17930",13,0,71,2
"SIDG17932",0,0,33,0
"SIDG17933",0,0,44,0
"SIDG17957",2,0,48,0
"SIDG17958",0,0,42,0
"SIDG17976",0,10,0,17
"SIDG17992",91,0,1524,63
"SIDG17993",10,0,688,8
"SIDG17994",1696,71,9908,1056
"SIDG18019",0,0,28,0
"SIDG18053",0,0,32,0
"SIDG18057",0,0,74,0
"SIDG18072",0,0,65,0
"SIDG18077",0,0,52,0
"SIDG18100",0,0,118,4
"SIDG18104",0,0,23,0
"SIDG18107",0,0,23,0
"SIDG18117",0,0,54,0
"SIDG18191",0,0,33,0
"SIDG18317",69,2,194,115
"SIDG18343",49,2,427,179
"SIDG18384",0,0,21,0
"SIDG18385",0,0,44,0
"SIDG18420",3,0,212,0
"SIDG18428",4,7,0,48
"SIDG18504",12,0,9,199
"SIDG18555",0,0,0,23
"SIDG18673",0,0,120,2
"SIDG18736",27,0,182,16
"SIDG18824",38,0,308,46
"SIDG18839",0,0,26,0
"SIDG18929",21,0,1,0
"SIDG18954",0,0,25,0
"SIDG18971",38,0,5,4
"SIDG19127",20,0,4,10
"SIDG19162",20,0,3,0
"SIDG19195",183,1,300,1177
"SIDG19346",19,0,20,62
"SIDG19582",59,1,44,56
"SIDG19705",0,0,88,0
"SIDG19730",18,0,5,2
"SIDG19741",0,0,117,4
"SIDG19765",42,0,0,6
"SIDG19770",1493,9575,5698,97682
"SIDG19772",9039,9117,472,43922
"SIDG19786",1,6,1688,2
"SIDG19789",6,0,18,0
"SIDG19797",21,2350,60,170506
"SIDG19798",2743,98,37,2945
"SIDG19818",1717,1765,3107,64257
"SIDG19837",209499,1778,321816,591
"SIDG19838",20481,5912,36861,68
"SIDG19840",524,18,2512,101
"SIDG19842",10435,7261,101,10780
"SIDG19844",21,0,206,63
"SIDG19845",461,18,381,284
"SIDG19849",8149,2700,310,8155
"SIDG19852",22,5,3347,7
"SIDG19859",166,19,7515,464
"SIDG19863",49,1,0,5
"SIDG19865",3,20,343,9
"SIDG19870",285,8,261,66
"SIDG19872",392,181,64,2491
"SIDG19874",448,382,107,2188
"SIDG19876",16,0,64,57
"SIDG19906",0,15,0,157
"SIDG19909",10,0,65,3
"SIDG19926",78,0,113,60
"SIDG19960",353,18,285,71
"SIDG19976",34039,1474,291,6083
"SIDG19983",1514,736,1132,25236
"SIDG19988",830,1974,720,24822
"SIDG19995",0,103,2,8
"SIDG19996",0,23,4,0
"SIDG20086",0,15,18,0
"SIDG20281",0,28,22,26
"SIDG20288",0,0,17,622
"SIDG20293",0,1,0,38
"SIDG20300",20,0,32,30
"SIDG20369",582,411,187,3220
"SIDG20370",37,39,8,411
"SIDG20371",82,116,18,548
"SIDG20373",27,0,53,20
"SIDG20421",9,578,27,1
"SIDG20422",78,0,0,141
"SIDG20428",0,48,0,0
"SIDG20442",3011,1080,9440,301
"SIDG20721",0,0,4,144
"SIDG20723",16,481,34,1986
"SIDG20987",1,0,41,0
"SIDG21017",7843,3787,45,20934
"SIDG21027",294,1449,327,25139
"SIDG21041",2365,8,4741,176
"SIDG21075",6012,1964,428,34536
"SIDG21080",163,6,1,4
"SIDG21084",777,17,27571,4367
"SIDG21087",98,140,43,884
"SIDG21091",3265,1795,314,22777
"SIDG21102",60,0,170,121
"SIDG21119",0,21,0,0
"SIDG21120",0,33,0,0
"SIDG21126",0,35,0,0
"SIDG21130",0,99,1,0
"SIDG21132",103,3,31,67
"SIDG21134",0,17,7,0
"SIDG21160",26,0,202,139
"SIDG21194",14083,13653,7260,150814
"SIDG21201",1,17,27,0
"SIDG21207",53175,2748,65168,21039
"SIDG21210",26,11,16,449
"SIDG21216",638,4,5,490
"SIDG21235",350,0,856,164
"SIDG21237",64,35,8332,21
"SIDG21246",3,0,32,0
"SIDG21263",0,28,0,0
"SIDG21276",1,64,1,9
"SIDG21312",13,1,471,12
"SIDG21338",20,0,275,1
"SIDG21345",5,0,73,0
"SIDG21346",2,61,354,30
"SIDG21382",53,21,1339,30
"SIDG21386",3305,4029,771,98216
"SIDG21388",0,0,1,91
"SIDG21403",308,7,345,140
"SIDG21414",0,0,26,0
"SIDG21436",1723,1,68,2014
"SIDG21437",10044,2,5410,43420
"SIDG21438",38,0,20,70
"SIDG21439",3595,4,357,359
"SIDG21444",3714,2824,243,15298
"SIDG21445",8243,4233,1192,24435
"SIDG21448",2762,1850,88,11051
"SIDG21459",1,2,62,0
"SIDG21461",1,1,20,0
"SIDG21476",10,0,46,0
"SIDG21492",0,0,31,0
"SIDG21498",5,3,0,35
"SIDG21514",2408,1450,136,2903
"SIDG21523",426,350,86,3566
"SIDG21524",185,0,232,128
"SIDG21526",741,0,0,0
"SIDG21535",269,0,106,82
"SIDG21581",0,17,5,4
"SIDG21658",14,4,1220,2
"SIDG21661",10,6,2683,82
"SIDG21678",26,0,4,0
"SIDG21680",8904,4,35,2397
"SIDG21684",66,0,3,0
"SIDG21686",341,2,1318,128
"SIDG21691",841,335,24,3224
"SIDG21693",2026,650,84,2364
"SIDG21708",605,34,3349,127
"SIDG21714",132,8201,36,32
"SIDG21728",470,1,5,0
"SIDG21736",252,7,18,332
"SIDG21738",63,0,49,18
"SIDG21745",2230,106,159,93
"SIDG21766",748,18,15863,2902
"SIDG21769",34912,10780,7554,121106
"SIDG21778",51,0,19,8
"SIDG21780",38,0,2,0
"SIDG21809",0,5,0,48
"SIDG21815",642,2,248,1
"SIDG21816",214,0,1373,0
"SIDG21823",19,0,454,71
"SIDG21824",3,10,88,1
"SIDG21825",64,3,11,0
"SIDG21827",1485,3002,510,15723
"SIDG21828",19,16,4,90
"SIDG21832",1433,3,978,362
"SIDG21835",0,0,67,2
"SIDG21839",38102,10492,18703,65
"SIDG21840",56,19,168,0
"SIDG21853",0,0,34,0
"SIDG21875",3,263,146,221
"SIDG21885",14,1,31,547
"SIDG21888",175,0,125,56
"SIDG21895",527,142,1384,7
"SIDG21897",1117,5,7758,347
"SIDG21913",18,0,25,0
"SIDG21914",1,0,16,392
"SIDG21915",141,1,3690,395
"SIDG21917",390,0,2362,501
"SIDG21926",3,0,406,12
"SIDG21933",962,1234,16408,483
"SIDG21936",110,4,213,312
"SIDG21939",0,0,27,0
"SIDG21945",11,0,107,0
"SIDG21961",5739,3044,44,869
"SIDG21969",44,1,7,5
"SIDG21977",168,6,8742,41
"SIDG22017",205,23,5529,95
"SIDG22064",0,0,28,0
"SIDG22071",57,0,364,10
"SIDG22083",172,8,6581,3828
"SIDG22087",908,1759,49,21598
"SIDG22088",508,1,1163,0
"SIDG22089",314,4,2378,182
"SIDG22115",0,2,174,1
"SIDG22168",22,0,17,0
"SIDG22206",8,158,25,121
"SIDG22212",19,0,479,2046
"SIDG22223",96337,2631,39783,86873
"SIDG22224",1812,1,7887,1968
"SIDG22225",775,38,7893,8006
"SIDG22229",308,1,50,0
"SIDG22250",0,0,8,254
"SIDG22251",6,3,178,0
"SIDG22268",32,1,212,7
"SIDG22274",174,205,642,22
"SIDG22290",318,7,7836,108
"SIDG22291",0,0,31,0
"SIDG22294",0,0,0,272
"SIDG22305",1354,804,628,11263
"SIDG22308",17012,1695,73127,1867
"SIDG22314",79,57,241,4082
"SIDG22315",98,1,11,8
"SIDG22316",18,2,393,4
"SIDG22317",5351,3,2236,742
"SIDG22325",24,0,0,112
"SIDG22367",52,2,0,0
"SIDG22368",5,0,136,2
"SIDG22373",15310,664,10291,22991
"SIDG22379",2211,12,3288,664
"SIDG22381",880,12,3241,180
"SIDG22383",180,1,506,3
"SIDG22384",268,87,1926,49
"SIDG22386",11,0,1314,22
"SIDG22387",188,3,47,22
"SIDG22388",160,1,423,41
"SIDG22391",267,2,36,13
"SIDG22393",2747,5,2770,379
"SIDG22394",115,6,874,181
"SIDG22417",255,196,125,2067
"SIDG22440",1,0,66,0
"SIDG22444",2513,1648,87,3598
"SIDG22478",37,29,199,5350
"SIDG22485",18,573,475,25012
"SIDG22492",8121,5723,634,19622
"SIDG22529",193,0,52,1
"SIDG22548",93,164,177,6183
"SIDG22549",416,135,161,19749
"SIDG22562",48,1,264,45
"SIDG22567",1,0,33,15241
"SIDG22583",30,0,11,12
"SIDG22590",11,5,3,154
"SIDG22599",37,18,0,95
"SIDG22630",45,0,0,4
"SIDG22632",440,299,53,1631
"SIDG22639",0,10,901,34
"SIDG22640",78,5,38,686
"SIDG22641",1180,50,11814,2845
"SIDG22645",1,282,1,0
"SIDG22646",46915,1591,491,1111
"SIDG22648",15539,805,29,3086
"SIDG22650",74,5,1,449
"SIDG22651",982,0,7463,3262
"SIDG22656",36,0,0,1
"SIDG22662",0,0,145,0
"SIDG22678",171,0,21,609
"SIDG22683",53,91,200,6897
"SIDG22692",4049,185,2265,9843
"SIDG22743",1693,757,16,629
"SIDG22748",129,43,0,78
"SIDG22749",65,59,0,21
"SIDG22752",41,0,0,0
"SIDG22770",4,0,0,18
"SIDG22795",0,29,1,68
"SIDG22823",11,0,227,6
"SIDG22824",5,0,173,1
"SIDG22826",0,0,22,0
"SIDG22830",7,0,100,3
"SIDG22866",241,0,155,247
"SIDG22890",5,0,0,117
"SIDG22891",0,0,0,72
"SIDG22895",26,0,0,515
"SIDG23089",0,0,0,28
"SIDG23178",0,25,1,2
"SIDG23275",28,0,4,0
"SIDG23519",0,71,81,2
"SIDG23618",986,639,120,4926
"SIDG23658",2,0,111,1
"SIDG23659",4528,1086,29489,262
"SIDG23660",19,22,347,5
"SIDG23661",2,12,127,1
"SIDG23662",43,0,129,69
"SIDG23678",64,1,5,37
"SIDG23683",198,1,144,34
"SIDG23714",10,6,598,7
"SIDG23724",32,0,301,125
"SIDG23749",895,302,74,1225
"SIDG23752",1287,0,294,2013
"SIDG23761",2,0,3,227
"SIDG23775",1232,29,2979,899
"SIDG23781",30,14,499,7
"SIDG23792",20,0,114,26
"SIDG23805",192,0,243,20
"SIDG23812",13,0,169,6
"SIDG23820",0,1,1,41
"SIDG23825",11,1,0,16
"SIDG23837",2281,1093,1105,24450
"SIDG23840",3,1,245,1
"SIDG23843",24,0,13063,0
"SIDG23847",23,0,49,19
"SIDG23867",2143,785,20619,1146
"SIDG23880",0,0,73,0
"SIDG23897",5936,6,12504,43
"SIDG23900",6,5,761,20
"SIDG23902",73,45,7794,3
"SIDG23928",352,3,5665,11
"SIDG23941",1617,4,6064,6818
"SIDG23949",1319,491,156,2512
"SIDG23956",0,4,35,0
"SIDG23959",16,0,55,42
"SIDG23962",8,339,4061,972
"SIDG23978",43,22,147,6
"SIDG23991",5900,2898,154,12032
"SIDG24012",1,151,8,16
"SIDG24023",157,10,9863,262
"SIDG24029",6509,5357,148,7362
"SIDG24037",884,4,279,73
"SIDG24038",16,0,41,27
"SIDG24041",157,0,3,4
"SIDG24043",1088,3,337,213
"SIDG24044",98,0,114,5
"SIDG24056",58,0,74,108
"SIDG24087",47,1,43,8
"SIDG24091",126,0,707,47
"SIDG24092",20,0,173,32
"SIDG24094",56,4,120,2108
"SIDG24095",4733,108,1104,1766
"SIDG24096",67,6,160,2732
"SIDG24100",64,1,117,382
"SIDG24104",75,3,157,42
"SIDG24107",499,18,201,70
"SIDG24108",497,13,190,67
"SIDG24111",25,0,119,6
"SIDG24129",3083,3072,79,9688
"SIDG24152",25,0,96,50
"SIDG24163",9665,294,2540,1726
"SIDG24164",32,0,394,61
"SIDG24172",29,5,330,2
"SIDG24173",246,0,58,1149
"SIDG24174",224,0,12,485
"SIDG24176",6535,5,869,3528
"SIDG24219",17,0,164,105
"SIDG24223",161,7,13,135
"SIDG24224",17175,16,125603,2134
"SIDG24225",32,1,287,234
"SIDG24226",62,2,405,3
"SIDG24227",185,3350,435,11804
"SIDG24230",10,21,1880,114
"SIDG24245",22,0,57,36
"SIDG24251",2836,4,181,10
"SIDG24252",582,9,4864,434
"SIDG24253",148,65,36,1117
"SIDG24254",375,11,1035,131
"SIDG24255",1094,1,2437,3
"SIDG24275",85,0,1080,41
"SIDG24283",4,0,58647,77
"SIDG24305",1,0,1,76
"SIDG24307",374,224,13726,88
"SIDG24312",2,0,135,4
"SIDG24318",484,219,355,15789
"SIDG24324",359,3,84,4
"SIDG24328",0,0,33,0
"SIDG24330",22,0,27,55
"SIDG24334",4,1,0,2417
"SIDG24363",548,58,51,992
"SIDG24387",20,0,13,29
"SIDG24498",21,1,0,19
"SIDG24507",19,0,13,8
"SIDG24516",23,0,14,19
"SIDG24522",0,0,0,46
"SIDG24560",48,0,263,123
"SIDG24564",148,137,4776,13
"SIDG24582",2334,45,19978,1630
"SIDG24586",18,0,102,18
"SIDG24599",23,0,41,1
"SIDG24607",70,3714,21,34901
"SIDG24618",1256,0,3449,25
"SIDG24625",61,1,66,25
"SIDG24676",2843,1,108,2
"SIDG24692",2319,1071,65,5373
"SIDG24702",95,0,1547,32
"SIDG24718",1858,4110,1960,38986
"SIDG24848",230,13,309,620
"SIDG24849",0,0,52,0
"SIDG24859",67,88,149,3270
"SIDG24871",606,12,2722,614
"SIDG24873",204,65,2,56
"SIDG24874",30,0,1,1
"SIDG24877",54,2,29,223
"SIDG24886",1372,734,424,12455
"SIDG24901",175,608,5,16630
"SIDG24911",237,11,4177,1184
"SIDG24919",547,0,637,0
"SIDG24937",373,21,618,12
"SIDG24941",8985,468,20519,12669
"SIDG24943",15,641,1,17
"SIDG24951",134,164,1778,22
"SIDG24970",9,1,1055,43
"SIDG24972",198,2,0,1
"SIDG24978",1,60,1,3
"SIDG24993",681,504,18,2943
"SIDG25017",310,1,13,12
"SIDG25032",1776,1138,109,3875
"SIDG25035",3,2548,0,0
"SIDG25039",19636,16088,957,121357
"SIDG25071",866,649,2407,55
"SIDG25073",1882,2,4,728
"SIDG25077",231,232,470,18932
"SIDG25085",39,18620,61,612378
"SIDG25086",45422,287,432016,58366
"SIDG25096",135,576,1,312
"SIDG25110",26,0,3,0
"SIDG25136",3,0,3,737
"SIDG25140",2,1,268,0
"SIDG25141",25,0,114,325
"SIDG25145",435,1592,1,56
"SIDG25146",0,0,0,26
"SIDG25153",22,609,10343,2950
"SIDG25156",2587,58,4602,13499
"SIDG25183",21452,72,3732,192
"SIDG25184",1710,696,1405,24896
"SIDG25202",542,528,50,1931
"SIDG25214",150,2,68,306
"SIDG25215",1302,811,94,7633
"SIDG25248",4405,1720,1941,39816
"SIDG25314",181,5,2529,137
"SIDG25318",1,358,3,559
"SIDG25334",245,17,209,8
"SIDG25336",498,0,253,11
"SIDG25346",52,7,265,13
"SIDG25363",145,5,16,272
"SIDG25409",0,0,28,0
"SIDG25512",51,30,2582,17
"SIDG25526",0,512,0,0
"SIDG25557",70,0,1289,4402
"SIDG25574",28,0,18,248
"SIDG25585",527,25,55,260
"SIDG25587",5,1,201,6
"SIDG25613",77,0,919,299
"SIDG25615",23,0,54,114
"SIDG25628",0,74,3,0
"SIDG25636",7,22,46,0
"SIDG25687",9852,5139,1135,43903
"SIDG25690",65,107,116,2036
"SIDG25693",194,27,4398,57
"SIDG25697",59,0,389,150
"SIDG25698",11,196,77,3961
"SIDG25699",143,1,382,8
"SIDG25716",17,0,14,4
"SIDG25750",1141,0,9,6
"SIDG25752",7,0,0,36
"SIDG25757",60,1,219,279
"SIDG25764",1030,973,57,7751
"SIDG25767",1112,0,0,497
"SIDG25771",181,3,5004,38
"SIDG25778",2511,35,9368,1409
"SIDG25779",88,0,321,470
"SIDG25789",0,0,1,4657
"SIDG25804",612,1,971,987
"SIDG25805",22,0,1062,40
"SIDG25806",0,1,9,294
"SIDG25807",85,2,108,887
"SIDG25815",3,0,3982,48
"SIDG25841",1346,539,151,4294
"SIDG25846",32,0,26,8
"SIDG25847",0,0,122,0
"SIDG25848",7,27,10,826
"SIDG25852",0,0,154,1
"SIDG25853",4739,5047,359,35567
"SIDG25859",2899,66,3886,689
"SIDG25860",343,7,1038,89
"SIDG25880",2,55,28,23
"SIDG25892",0,0,1,90
"SIDG25897",6092,2706,708,18391
"SIDG25954",1,13,27,475
"SIDG25955",2064,2339,8642,2
"SIDG25956",13,0,146,2
"SIDG25962",28,3,206,0
"SIDG25969",49,1,135,164
"SIDG26000",16,0,0,22
"SIDG26004",73,5,41,13849
"SIDG26151",27,0,4,3
"SIDG26168",168,76,1,202
"SIDG26173",42,17,6352,109
"SIDG26185",25447,266,932,10500
"SIDG26186",62,0,990,211
"SIDG26187",4874,0,357,20
"SIDG26194",74,83,1,135
"SIDG26201",119,5,125,236
"SIDG26202",38,0,26,18
"SIDG26210",11,3,44,1
"SIDG26211",536,31,155,963
"SIDG26216",22,22,8,192
"SIDG26227",77,0,1283,26
"SIDG26230",3,5,851,26
"SIDG26234",410,121,23469,284
"SIDG26239",68,3,1275,65
"SIDG26256",1041,1262,91,3
"SIDG26264",0,0,34,0
"SIDG26283",23,0,0,1
"SIDG26284",96,2,79,47
"SIDG26293",7,0,0,955
"SIDG26296",78,1,266,29
"SIDG26299",3,100,186,139
"SIDG26302",328,4,2790,4
"SIDG26303",3,0,74,1
"SIDG26306",14773,677,66052,18108
"SIDG26314",10,2,3247,12
"SIDG26315",4205,117,159,11
"SIDG26321",1342,64,9398,2557
"SIDG26323",106520,13698,2273,39086
"SIDG26351",36,0,20,12
"SIDG26364",75,3,25,35
"SIDG26382",407,18,65449,33682
"SIDG26391",5,1036,0,16073
"SIDG26401",1192,4318,22938,154
"SIDG26438",12,6398,2426,39542
"SIDG26440",1745,1237,785,18911
"SIDG26442",44,0,0,0
"SIDG26468",216,46,74,1342
"SIDG26469",175,8,18311,128
"SIDG26470",67,0,3,4
"SIDG26527",84,66,4,1082
"SIDG26529",133,4,517,399
"SIDG26539",6405,385,10227,6025
"SIDG26541",2,132,39,6
"SIDG26547",55,2901,901,45955
"SIDG26548",53,0,86,357
"SIDG26549",2,54,65,65
"SIDG26588",2913,2151,595,19166
"SIDG26610",775,528,74,2995
"SIDG26612",1530,532,97,2996
"SIDG26620",877,582,59,7455
"SIDG26624",16,0,20,45
"SIDG26627",18,0,33,24
"SIDG26628",22,0,398,80
"SIDG26657",2369,4,3033,41
"SIDG26658",115,272,47,1245
"SIDG26689",3628,67,4993,1856
"SIDG26705",34,0,168,21
"SIDG26708",2565,1237,54,2
"SIDG26717",0,2,137,0
"SIDG26719",0,24,0,0
"SIDG26736",318,5,166,9
"SIDG26741",56,0,239,3056
"SIDG26745",16,0,148,962
"SIDG26746",25,575,100,1147
"SIDG26747",149,18,3366,31
"SIDG26749",130,51,488,21
"SIDG26755",39,51,5103,267
"SIDG26758",279,15,205,5
"SIDG26763",8447,136,1700,1412
"SIDG26793",0,1,331,0
"SIDG26816",61,0,3,32
"SIDG26847",254,2,5953,0
"SIDG26861",80,0,57,67
"SIDG26905",0,0,89,0
"SIDG26928",1,277,135,18
"SIDG26950",64,1,69,45
"SIDG26976",1076,278,11531,59
"SIDG26985",0,52,20,1
"SIDG26993",28,86,8,334
"SIDG27005",25,0,54,14
"SIDG27015",12,0,0,81
"SIDG27019",545,54,27885,897
"SIDG27022",42,2,8550,4
"SIDG27024",4925,163,6,0
"SIDG27027",839,1263,45,5007
"SIDG27029",71,1,162,376
"SIDG27041",0,0,76,0
"SIDG27044",2,70,4,35
"SIDG27083",34,1,3,10
"SIDG27084",1865,760,35449,1558
"SIDG27090",19,0,527,121
"SIDG27110",164,1,196,127
"SIDG27118",6,1,191,1
"SIDG27119",6623,412,8516,2992
"SIDG27137",3,308,3,2767
"SIDG27138",5091,211,5416,799
"SIDG27139",7441,408,16711,1574
"SIDG27143",39,0,3553,17
"SIDG27145",71,0,25,0
"SIDG27146",25,3,548,11
"SIDG27147",41,0,91,245
"SIDG27153",2071,3,1338,119
"SIDG27170",21,0,11,12
"SIDG27171",56,1,483,233
"SIDG27199",0,25,3,1
"SIDG27205",2874,10,3581,234
"SIDG27219",112,6,7,444
"SIDG27243",1,0,5,223
"SIDG27261",262,338,74,15715
"SIDG27262",268,15,70,28
"SIDG27270",7,178,8,3187
"SIDG27329",0,0,24,0
"SIDG27346",24,0,2,0
"SIDG27577",137,0,1,0
"SIDG27624",22,0,44,50
"SIDG27979",51,0,60,23
"SIDG27996",0,0,26,0
"SIDG28183",18,0,8,5
"SIDG28337",0,16,5,8
"SIDG28683",24,0,0,2
"SIDG29048",108,3165,0,274
"SIDG29052",0,51,0,5
"SIDG29078",52,0,0,3
"SIDG29081",21,0,2,231
"SIDG29094",0,0,31,0
"SIDG29123",3426,1233,1251,26790
"SIDG29126",28400,1147,259,3127
"SIDG29138",59,11,145,5583
"SIDG29145",3981,2,1861,1329
"SIDG29149",115,6,273,80
"SIDG29156",8,312,2189,2
"SIDG29157",516,16,958,736
"SIDG29159",2726,367,609,10505
"SIDG29165",206,316,126,4137
"SIDG29194",1,26,0,23
"SIDG29565",16,0,0,5
"SIDG29873",19,12,0,45
"SIDG29903",4,0,54,1
"SIDG29938",3,0,1,44
"SIDG30007",11,16,42,0
"SIDG30109",14,13,7,159
"SIDG30258",0,0,28,0
"SIDG30527",6,20,0,18
"SIDG30575",18,0,12,6
"SIDG30609",19,0,34,69
"SIDG30910",79,0,140,2
"SIDG30928",83,0,1,0
"SIDG30948",2,0,24,0
"SIDG31237",176,5,35,29
"SIDG31240",997,0,12,24
"SIDG31248",436,301,11,2110
"SIDG31249",1081,431,24,2264
"SIDG31250",22,17,247,5
"SIDG31252",19,814,283,2584
"SIDG31254",98,0,76,2
"SIDG31258",44,0,107,10
"SIDG31293",49,1,0,53
"SIDG31308",12,0,0,2798
"SIDG31317",22,0,24,68
"SIDG31364",7,15,67,1
"SIDG31505",0,0,85,1
"SIDG31665",33,0,191,2
"SIDG31699",16,0,2675,55
"SIDG31803",4,0,70,1
"SIDG32033",4,0,0,35
"SIDG32198",0,0,36,0
"SIDG32236",0,0,54,0
"SIDG32311",22,0,0,3
"SIDG32423",0,0,8,202
"SIDG32424",23,0,148,130
"SIDG32425",17,0,18,14
"SIDG32687",20,0,140,7
"SIDG32764",22,0,76,11
"SIDG32771",3,0,42,1
"SIDG32797",17,24,24133,0
"SIDG32813",58,0,353,42
"SIDG32817",10,3,382,17
"SIDG32830",2,0,57,0
"SIDG32909",0,0,1,152
"SIDG32970",6,0,29,0
"SIDG33100",23,0,321,56
"SIDG33227",40,0,2,9
"SIDG33371",19,59,3831,17
"SIDG33415",10798,6000,468,73068
"SIDG33461",47,0,58,46
"SIDG33462",1,0,1440,10
"SIDG33486",22,0,151,14
"SIDG33490",387,312,172,3593
"SIDG33491",0,0,388,0
"SIDG33494",252,40,5251,124
"SIDG33499",33,0,91,87
"SIDG33501",74,1,176,114
"SIDG33507",11,30,178,5414
"SIDG33513",363,175,143,2688
"SIDG33518",21,767,225,17
"SIDG33526",81,0,1863,521
"SIDG33527",6501,359,70093,11620
"SIDG33529",146,0,1274,3
"SIDG33552",3,1,89,1
"SIDG33555",777,1537,115,5905
"SIDG33564",2,0,1681,11
"SIDG33565",3235,185,10003,4055
"SIDG33566",1491,2,3521,288
"SIDG33576",186,1742,807,55657
"SIDG33577",375,23,4607,105
"SIDG33579",21756,79,6114,1308
"SIDG33581",111685,6446,388918,79329
"SIDG33598",4253,511,54553,1070
"SIDG33599",115980,19270,1785,158056
"SIDG33603",21,0,63,0
"SIDG33620",35,77,59,0
"SIDG33625",3763,2,25684,10328
"SIDG33629",0,1,1751,39
"SIDG33641",0,0,34,0
"SIDG33644",5452,5,4964,1515
"SIDG33652",174,2,1558,123
"SIDG33656",179,2,150,35
"SIDG33674",111,44,18,349
"SIDG33676",1049,828,103,5103
"SIDG33701",65,0,466,131
"SIDG33704",53,0,125,115
"SIDG33756",2343,61,10,106
"SIDG33766",34,0,62,32
"SIDG33774",25,0,94,65
"SIDG33805",153,36,1412,82
"SIDG33819",25,0,32,114
"SIDG33827",159,3,122,2398
"SIDG33835",16,0,54,26
"SIDG33836",0,589,0,6147
"SIDG33841",71,1,73,11
"SIDG33842",19,0,51,25
"SIDG33844",164,0,92,275
"SIDG33846",23,0,20,21
"SIDG33850",6,390,103,91
"SIDG33859",64,0,5,109
"SIDG33871",0,0,66,3
"SIDG33874",86,430,219,3899
"SIDG33875",22413,298,257,2068
"SIDG33937",826,2,17329,14
"SIDG33938",990,1,21,631
"SIDG33965",8,154,54,191
"SIDG33967",0,22,9,8
"SIDG33996",128,32,2113,19
"SIDG34002",44,1890,7,1060
"SIDG34014",3,15,2,693
"SIDG34022",71,43,3,64
"SIDG34028",15397,3691,5631,116237
"SIDG34036",184,49,1190,39
"SIDG34042",9483,8107,486,93932
"SIDG34045",4299,188,386,31829
"SIDG34059",0,0,2310,0
"SIDG34083",23,86,46,1882
"SIDG34103",0,0,23,0
"SIDG34104",47,0,301,90
"SIDG34141",27,0,36,26
"SIDG34147",9286,4451,5577,144261
"SIDG34149",0,59,0,0
"SIDG34154",361,85,1,825
"SIDG34155",0,0,0,36
"SIDG34165",9568,13,122751,71
"SIDG34173",4096,297,70939,2722
"SIDG34175",14,110,726,16
"SIDG34177",50,0,98,2
"SIDG34182",474,103,2979,1
"SIDG34183",6654,396,7567,697
"SIDG34185",29,0,5,1
"SIDG34188",3,13,616,32
"SIDG34198",484,113,2163,124
"SIDG34203",5936,7285,744,43918
"SIDG34242",36,1,11,4
"SIDG34244",2432,88,17364,7571
"SIDG34268",56281,19,27976,63623
"SIDG34276",4,1,22,0
"SIDG34283",5,59,0,221
"SIDG34294",5570,2844,203,24681
"SIDG34305",432,10,10955,1794
"SIDG34306",832,530,77,4625
"SIDG34323",0,2,0,101
"SIDG34328",1,40,0,36
"SIDG34339",8707,374,45688,9371
"SIDG34347",20,0,49,0
"SIDG34355",185,0,7,24
"SIDG34359",1315,0,14782,247
"SIDG34360",102,0,570,3
"SIDG34373",16,0,291,44
"SIDG34377",552,18,7845,50
"SIDG34378",194,1,41,110
"SIDG34380",3954,1750,108,6660
"SIDG34388",121,7,745,14814
"SIDG34396",9382,519,9530,5299
"SIDG34424",6,140,19,75
"SIDG34431",0,181,0,2
"SIDG34437",0,6,85,0
"SIDG34438",57,23,1,158
"SIDG34444",1,110,0,0
"SIDG34455",62,0,17,56
"SIDG34459",18,0,205,118
"SIDG34500",974,700,132,4817
"SIDG34503",1512,913,88,9089
"SIDG34504",35,1,3,9
"SIDG34513",0,0,866,4
"SIDG34526",0,16,38,72
"SIDG34527",12,20,2,52
"SIDG34528",35,0,9,170
"SIDG34532",591,12,1457,468
"SIDG34533",6468,7359,5224,164007
"SIDG34550",18,28,171,3
"SIDG34558",21,0,59,45
"SIDG34566",212,4,34,2744
"SIDG34576",36615,1845,23838,122813
"SIDG34577",1995,1565,5,3804
"SIDG34583",0,0,0,36
"SIDG34584",126,4,2,135
"SIDG34586",17,0,83,85
"SIDG34594",38703,1257,10675,47969
"SIDG34598",146,6,3758,25
"SIDG34602",8,0,92,3
"SIDG34605",139,1,706,477
"SIDG34621",38,728,1,10920
"SIDG34624",39140,2015,14720,15682
"SIDG34629",238,2,280,24
"SIDG34649",179,6,74,169
"SIDG34660",35,0,1,2
"SIDG34665",23,0,180,46
"SIDG34675",2,0,2,590
"SIDG34687",470,1,7840,50
"SIDG34692",497,166,5,1798
"SIDG34698",281,5,967,203
"SIDG34702",1637,721,9929,197405
"SIDG34708",3,5,100,0
"SIDG34722",1,2,35,8366
"SIDG34724",7,1,69,3
"SIDG34741",13,3,693,35
"SIDG34754",13,2,260,8
"SIDG34761",1081,38,2226,4391
"SIDG34764",37,0,12,26
"SIDG34769",884,1132,349,13246
"SIDG34770",245,6,174,9
"SIDG34771",47,0,52,408
"SIDG34773",0,2677,2,32402
"SIDG34823",87,0,244,173
"SIDG34845",17,0,7,3
"SIDG34861",0,1,0,60
"SIDG34872",6,113,14,5
"SIDG34888",1,0,3,75
"SIDG34891",112,2,2530,694
"SIDG34896",692,41,78,38
"SIDG34897",23,0,1056,33
"SIDG34904",3,122,0,72
"SIDG34928",18,0,180,157
"SIDG34935",84,0,30,4
"SIDG34953",462,187,37690,582
"SIDG34963",2,94,0,0
"SIDG34991",117,0,1533,160
"SIDG34992",24,0,475,2
"SIDG34993",27,4826,2,27562
"SIDG34999",459,15,359,577
"SIDG35015",24,3,105,0
"SIDG35017",1363,3,4166,12203
"SIDG35020",4,1,1,62
"SIDG35021",189,1,1163,519
"SIDG35032",1669,386,5745,0
"SIDG35041",3243,3,68360,287
"SIDG35042",0,0,83,0
"SIDG35043",372,4,57,1076
"SIDG35045",3,237,408,1536
"SIDG35046",51,0,4,0
"SIDG35049",4567,76,10130,1535
"SIDG35073",210,19,23,1464
"SIDG35104",120,0,5,408
"SIDG35115",8,0,86,0
"SIDG35134",19,0,400,147
"SIDG35160",25,0,56,128
"SIDG35178",114,234,18,2283
"SIDG35199",0,1,407,2
"SIDG35202",322,196,139,7293
"SIDG35224",15,14,1,38
"SIDG35232",8091,1612,452,45652
"SIDG35233",25,2,95,4
"SIDG35237",258,1,305,832
"SIDG35242",0,0,352,0
"SIDG35243",1147,671,69268,1184
"SIDG35302",5,211,653,106
"SIDG35333",51,0,7,18
"SIDG35435",43,1,219,347
"SIDG35619",30,0,293,145
"SIDG35687",0,0,63,0
"SIDG35688",0,0,35,0
"SIDG35695",0,0,29,0
"SIDG35696",0,0,35,0
"SIDG35697",0,0,44,1
"SIDG35701",0,0,23,0
"SIDG35704",0,0,39,0
"SIDG35707",0,0,24,0
"SIDG35807",18,0,34,26
"SIDG35864",63,69,94,3740
"SIDG35866",18,22,706,29
"SIDG35899",17,0,38,8
"SIDG35910",20,0,385,174
"SIDG35949",22,0,1,1
"SIDG35970",1338,531,2124,0
"SIDG35982",72,31,111,4
"SIDG35989",17,0,13,74
"SIDG35990",9,5,107,2
"SIDG35994",0,0,22,0
"SIDG36005",13,10,79,2
"SIDG36029",26,0,2,7
"SIDG36033",1024,44,2785,445
"SIDG36036",1186,24,2213,593
"SIDG36053",1,56,0,2
"SIDG36055",51,61,873,50
"SIDG36056",1,314,35,0
"SIDG36061",3896,1694,351,16462
"SIDG36069",122,1193,119,16050
"SIDG36070",2254,12753,2741,44271
"SIDG36077",3,0,46,0
"SIDG36082",2963,8,256,443
"SIDG36083",203,8,45,35
"SIDG36088",3,0,21,0
"SIDG36095",622,2,4,3
"SIDG36104",5,0,304,16
"SIDG36115",28,0,44,347
"SIDG36125",0,17,1,34
"SIDG36130",24,0,42,29
"SIDG36144",37,0,19,17
"SIDG36159",192,3108,1,5
"SIDG36178",1,1,0,27
"SIDG36182",121,0,301,47
"SIDG36184",1,2,4153,1
"SIDG36220",891,578,83,6673
"SIDG36221",1484,1118,57,3812
"SIDG36235",48,0,6,0
"SIDG36261",565,34,7290,1450
"SIDG36263",0,0,46,1
"SIDG36305",4,2,1,45
"SIDG36308",39,1,0,15
"SIDG36328",1009,26,8618,1577
"SIDG36329",2478,11,6228,1559
"SIDG36330",40,1,197,116
"SIDG36334",29,800,511,866
"SIDG36338",51304,26154,22,19024
"SIDG36347",883,22,11696,700
"SIDG36352",1,0,129,1
"SIDG36354",0,0,308,0
"SIDG36355",44,0,8463,157
"SIDG36357",0,0,80,0
"SIDG36365",576,21,464,198
"SIDG36383",2636,75,7648,848
"SIDG36391",32,0,161,574
"SIDG36410",0,19,22,1
"SIDG36443",3,10,35,1
"SIDG36464",41,0,0,0
"SIDG36478",90,2,11775,1623
"SIDG36540",0,17,10,1
"SIDG36550",208,4,15084,128
"SIDG36580",67,72,10,232
"SIDG36594",599,1,795,19
"SIDG36603",856,763,114,6700
"SIDG36604",2018,0,5,1164
"SIDG36607",75489,1566,2757,7950
"SIDG36608",12,88,42,704
"SIDG36616",65,2,101,235
"SIDG36618",16,0,418,759
"SIDG36642",499,0,11613,786
"SIDG36682",45,0,213,64
"SIDG36691",333,4,6873,246
"SIDG36692",87,93,27865,26
"SIDG36695",126,21,5696,78
"SIDG36726",1529,38,8471,4645
"SIDG36732",16,0,206,131
"SIDG36765",28732,1254,16046,1553
"SIDG36787",33,0,70,72
"SIDG36788",3186,223,11642,693
"SIDG36799",21,0,686,25
"SIDG36802",79,49,59,1343
"SIDG36811",32,18,491,18
"SIDG36816",1885,2,67,10
"SIDG36817",2820,1417,106,9953
"SIDG36818",54,1,145,3
"SIDG36828",0,7,0,1562
"SIDG36835",5,4,10,185
"SIDG36837",0,0,203,0
"SIDG36853",26107,62,119,222
"SIDG36854",156,53,16228,481
"SIDG36870",8,1,3358,16
"SIDG36878",37,0,34,27
"SIDG36931",19,1,430,2
"SIDG36941",87,0,22,51
"SIDG36943",525,1,2656,23
"SIDG36955",254,2,3479,124
"SIDG36959",0,0,3,230
"SIDG36972",19,6,7,176
"SIDG36975",67,3,898,318
"SIDG36976",16,3,2,137
"SIDG36996",2595,604,96081,4745
"SIDG37001",1994,120,19147,2032
"SIDG37015",907,15,6446,25
"SIDG37031",4,3,56,2
"SIDG37037",127,124,16890,10
"SIDG37041",17,0,263,37
"SIDG37058",17,4,11363,0
"SIDG37067",55,67,34,603
"SIDG37147",7,0,534,18
"SIDG37153",18,0,211,35
"SIDG37157",27,0,19,11
"SIDG37168",23,0,157,97
"SIDG37215",44,0,184,65
"SIDG37227",1889,1516,1451,64565
"SIDG37235",180,6,33,16
"SIDG37272",663,31,9921,6232
"SIDG37289",8,1,875,3
"SIDG37292",62,50,32,555
"SIDG37298",122,1,1,0
"SIDG37306",2,3,1,107
"SIDG37311",161,8,43,20
"SIDG37314",52,4,1184,73
"SIDG37321",65,30,511,28
"SIDG37330",0,24,0,1
"SIDG37337",0,150,750,5535
"SIDG37338",0,0,24,0
"SIDG37341",5867,14,3901,1115
"SIDG37349",0,0,1,64
"SIDG37350",2681,1077,429,16775
"SIDG37354",5,0,2,67
"SIDG37366",19,54,1,946
"SIDG37367",25,459,183,1701
"SIDG37386",0,58,0,0
"SIDG37410",137,0,232,102
"SIDG37419",97,0,84,466
"SIDG37434",627,301,95,3197
"SIDG37455",15813,982,15514,12942
"SIDG37478",102,1,692,70
"SIDG37499",130,2,2043,178
"SIDG37508",0,35,16,0
"SIDG37529",312,8550,144,2963
"SIDG37532",0,21,0,3
"SIDG37536",37,816,0,2
"SIDG37543",1243,1073,1,10595
"SIDG37544",9,282,18,10
"SIDG37551",53,1,13,50
"SIDG37553",19,0,2,2
"SIDG37554",21,3,1,43
"SIDG37558",2278,74,13777,615
"SIDG37559",13167,171,21324,3
"SIDG37570",10,282,1601,33
"SIDG37571",0,5,23,0
"SIDG37575",146227,648,13081,226798
"SIDG37593",1885,497,23607,429
"SIDG37596",0,0,0,30
"SIDG37628",1,0,67,0
"SIDG37633",269996,6043,112869,38
"SIDG37634",525,337,1273822,638
"SIDG37637",0,0,81,0
"SIDG37642",596,699,118,7654
"SIDG37664",19,2,5292,3
"SIDG37671",1966,117,9089,1928
"SIDG37684",4,25,201,1
"SIDG37693",1499,996,202,8438
"SIDG37707",5397,2255,667,16753
"SIDG37733",33592,16468,16911,279357
"SIDG37734",16660,826,6221,43555
"SIDG37750",3201,2109,119,11474
"SIDG37755",2,1,8,214
"SIDG37756",0,0,25,0
"SIDG37781",2758,112,13067,6080
"SIDG37782",57,0,108,18
"SIDG37784",71,1,24,18
"SIDG37790",0,19,86,438
"SIDG37821",0,0,25,0
"SIDG37822",21,0,7,4
"SIDG37828",26,610,2812,72
"SIDG37835",89,2,1661,965
"SIDG37855",0,0,212,10
"SIDG37858",92,0,18,106
"SIDG37873",22,43,371,19
"SIDG37874",0,92,0,0
"SIDG37888",4,0,151,7
"SIDG37901",1,88,221,1584
"SIDG37907",89,2,169,95
"SIDG37909",245,13,1249,765
"SIDG37931",203,8,1648,287
"SIDG37937",36,0,2903,79
"SIDG37939",17,0,44,70
"SIDG37944",2,0,41,1
"SIDG37950",891,3,133,590
"SIDG37988",0,0,1,32
"SIDG38004",40,38,595,26
"SIDG38027",17138,473,261,6170
"SIDG38032",1,1,1,54
"SIDG38034",29,2,31,587
"SIDG38053",11,0,123,0
"SIDG38062",6,3,2188,6
"SIDG38063",1365,295,1607,28
"SIDG38064",130,0,1178,6
"SIDG38087",23,32,5,750
"SIDG38088",0,0,3,159
"SIDG38089",33,0,6,24
"SIDG38099",2,97,22,15
"SIDG38102",19,0,492,199
"SIDG38113",308,425,3778,5
"SIDG38114",0,4,0,20
"SIDG38126",2,9,46,2183
"SIDG38145",0,0,29,1274
"SIDG38146",1,0,0,119
"SIDG38156",1452,578,140,3073
"SIDG38161",0,7,0,1013
"SIDG38167",633,138,75,2213
"SIDG38180",1,1,8,709
"SIDG38182",37614,218,13,169
"SIDG38195",185,181,3,249
"SIDG38210",0,0,21,0
"SIDG38221",441,2,2440,589
"SIDG38226",33,38,620,9
"SIDG38230",25836,1270,22,1
"SIDG38232",123,4,4416,111
"SIDG38237",825,3445,656,55116
"SIDG38240",7,0,76,2
"SIDG38247",15,5,0,89
"SIDG38253",25,0,724,47
"SIDG38255",8,1,161,0
"SIDG38259",225,1,1256,5
"SIDG38260",281,82,46,847
"SIDG38292",10,48,411,14
"SIDG38298",504,285,204,11284
"SIDG38303",536,9,5615,245
"SIDG38305",39,0,6,80
"SIDG38307",101,0,31,42
"SIDG38342",27865,13327,1078,44175
"SIDG38357",518,85,21527,130
"SIDG38358",115,5,40,28
"SIDG38360",98,0,1,380
"SIDG38370",3344,11,12329,144
"SIDG38372",7,412,17730,5748
"SIDG38384",59,2,10,1
"SIDG38386",1,57,28,1536
"SIDG38389",108,50,37,1753
"SIDG38406",59235,2443,12926,7421
"SIDG38431",66,1,526,68
"SIDG38463",0,11,20,0
"SIDG38536",401,2,572,802
"SIDG38537",14,4,7,167
"SIDG38539",17284,199,12611,3131
"SIDG38617",504,12,215,166
"SIDG38646",81,1,8,2
"SIDG38786",0,0,0,123
"SIDG38791",19,0,12,5
"SIDG38792",0,0,0,29
"SIDG38799",0,0,0,103
"SIDG38943",5,5,4,88
"SIDG38992",1,0,0,33
"SIDG39014",77,1,205,3
"SIDG39015",16,0,31,1
"SIDG39087",0,0,2,246
"SIDG39098",381,0,1,13198
"SIDG39102",0,0,0,73
"SIDG39105",1393,358,36,2444
"SIDG39107",652,265,0,768
"SIDG39111",65,48,1,80
"SIDG39112",31,0,0,216
"SIDG39122",2833,2,5697,2691
"SIDG39146",8,901,0,7202
"SIDG39158",64,0,21,6
"SIDG39160",1056,23,1130,319
"SIDG39161",30,0,36,6
"SIDG39168",1,3,7647,19
"SIDG39281",431,10,199,3574
"SIDG39365",1262,765,64,6471
"SIDG39397",13,0,363,8
"SIDG39402",19,0,1,1
"SIDG39407",1,2407,1,1092
"SIDG39408",0,0,54,2245
"SIDG39409",0,0,0,729
"SIDG39415",2955,1312,13,8184
"SIDG39418",18,0,170,53
"SIDG39667",32,1,7,1529
"SIDG39672",338,10,2746,157
"SIDG39677",78,1,29,90
"SIDG39678",6,42,0,51
"SIDG39679",113,2,93,1
"SIDG39682",3252,6,2984,372
"SIDG39689",1857,4,8308,1865
"SIDG39690",587,0,562,104
"SIDG39691",7973,850,77733,2733
"SIDG39693",236,129,41,1624
"SIDG39696",131,2,2212,1
"SIDG39702",89,0,0,82
"SIDG39708",0,0,136,0
"SIDG39710",0,0,183,0
"SIDG39713",0,0,53,0
"SIDG39717",0,0,193,0
"SIDG39765",18,0,26,6
"SIDG39772",1,246,1820,2101
"SIDG39813",1103,843,154,9600
"SIDG39820",3,217,16,8
"SIDG39824",24,0,287,76
"SIDG39833",120,98,5,367
"SIDG39854",0,0,23,0
"SIDG39860",0,0,41,0
"SIDG39861",2,0,2404,0
"SIDG39887",20553,5070,1468,25089
"SIDG39910",56,0,5,65
"SIDG39914",14,296,190,11514
"SIDG39927",0,0,21,0
"SIDG39928",14,3,40,0
"SIDG39962",2,0,90,0
"SIDG39971",452,4,3277,1049
"SIDG39985",1,0,38,0
"SIDG39991",2252,64,10474,2851
"SIDG39992",831,0,0,176
"SIDG39998",27,2,1,75
"SIDG40000",8,2,6139,3
"SIDG40035",1,33988,0,196189
"SIDG40040",11,2283,6,83297
"SIDG40062",837,1072,142,16533
"SIDG40069",0,0,53,0
"SIDG40150",6,0,24313,829
"SIDG40159",16,0,24,2
"SIDG40163",2120,981,300,6449
"SIDG40207",0,0,73,0
"SIDG40214",24,0,3,3
"SIDG40223",20,0,164,61
"SIDG40266",240,85,3102,155
"SIDG40269",4709,2946,333,48272
"SIDG40309",846,336,32,914
"SIDG40330",114,0,779,350
"SIDG40331",340,11,3735,178
"SIDG40339",8,0,0,27
"SIDG40343",0,0,3,103
"SIDG40347",120,5,297,203
"SIDG40348",0,4,440,6
"SIDG40349",441,0,216,53
"SIDG40352",1180,42,668,6914
"SIDG40359",35,0,286,119
"SIDG40424",4,0,2,76
"SIDG40435",0,17,88,1
"SIDG40447",0,0,55,0
"SIDG40450",18,17,1,74
"SIDG40467",1,0,9898,18
"SIDG40567",25,0,75,69
"SIDG40609",1,2,6082,3
"SIDG40614",16,0,114,77
"SIDG40623",13,53,45,1380
"SIDG40632",3276,3466,171,13983
"SIDG40638",11,2,0,80
"SIDG40641",96,5,50,575
"SIDG40643",92,76,922,19
"SIDG40653",3,0,315,0
"SIDG40654",0,0,70,0
"SIDG40655",0,0,234,0
"SIDG40656",0,1,239,3
"SIDG40684",600,3,2243,156
"SIDG40686",0,0,325,8
"SIDG40694",318,2218,279,8911
"SIDG40700",11,0,202,2
"SIDG40701",816,4,2890,22
"SIDG40712",56802,226,182,0
"SIDG40713",3810,13,4,20
"SIDG40717",3328,0,21,8
"SIDG40795",0,0,0,24
"SIDG40808",27,0,144,111
"SIDG40858",103,23,555,8
"SIDG40859",1,97,2,42
"SIDG40861",0,0,107,1
"SIDG40919",66,26,9358,12
"SIDG40920",286,2,10,47
"SIDG40924",0,0,1,75
"SIDG40925",229,31,4055,107
"SIDG40943",18,0,72,57
"SIDG40949",53,0,286,17
"SIDG40951",1181,192,25,6289
"SIDG40953",5,10,287,10
"SIDG40977",947,16,2501,11362
"SIDG40983",23,0,41,41
"SIDG41057",32,0,113,86
"SIDG41080",37,2,11,228
"SIDG41084",1168,1035,223,5449
"SIDG41086",165,7,800,173
"SIDG41101",30,0,32,155
"SIDG41123",16,1,1221,57
"SIDG41140",12,60,0,527
"SIDG41146",15,4,4271,186
"SIDG41147",365,80,499,19
"SIDG41152",135,53,529,9
"SIDG41154",12,9,23,444
"SIDG41155",10418,184,8212,2444
"SIDG41157",78,29,611,2
"SIDG41158",1,25,726,23
"SIDG41163",12,8,3050,17
"SIDG41165",4,0,314,3
"SIDG41167",145,1,2,4
"SIDG41179",0,0,0,60
"SIDG41181",113,0,2375,1131
"SIDG41185",176,0,449,2
"SIDG41203",16,131,31,10074
"SIDG41209",21,0,84,0
"SIDG41211",1,0,100,0
"SIDG41219",16,2,149,8
"SIDG41220",0,18,17,4
"SIDG41233",16,18,0,102649
"SIDG41234",6,0,76,2
"SIDG41237",18,5,6,290
"SIDG41240",3,181,7,23
"SIDG41242",6,0,168,1
"SIDG41267",1838,1053,419,8646
"SIDG41289",14111,4253,136,10952
"SIDG41312",36,1,1308,786
"SIDG41360",32,0,92,68
"SIDG41401",5,3,30,0
"SIDG41403",19,0,42,0
"SIDG41425",13,0,9,882
"SIDG41467",208,112,8984,210
"SIDG41483",5,102,76,44
"SIDG41496",1,40,16,443
"SIDG41570",1850,294,6,3420
"SIDG41573",16,0,68,28
"SIDG41574",282,128,2,431
"SIDG41584",0,0,6516,0
"SIDG41588",512,23,380,647
"SIDG41594",42,19,2,288
"SIDG41604",2,2,3323,0
"SIDG41617",3,86,10,2
"SIDG41625",692,234,5949,0
"SIDG41628",165,51,207,0
"SIDG41630",0,0,476,8
"SIDG41631",747,9,11,3045
"SIDG41644",249,2,3539,117
"SIDG41647",502,1,18,29
"SIDG41664",1,0,1,38
"SIDG41675",572,229,1019,19
"SIDG41685",160,5,615,401
"SIDG41708",218,146,16,684
"SIDG41721",1,10,3,112
"SIDG41723",757,206,15,831
"SIDG41726",284,8,205,1279
"SIDG41742",406,225,20,1688
"SIDG41754",3,0,0,19
"SIDG41796",104,5,3,11
"SIDG41800",516,157,3181,110
"SIDG41801",145,212,1853,42
"SIDG41840",16,0,13,66
"SIDG41844",4,30,247,14
"SIDG41855",252,158,35,1676
"SIDG41865",1261,19,1887,1
"SIDG41888",727,326,88,3281
"SIDG41897",1005,299,7696,380
"SIDG41904",0,154,188,741
"SIDG41905",3,341,426,787
"SIDG41916",867,334,716,0
"SIDG41922",128,4,1432,2
"SIDG41948",2,0,40,0
"SIDG41953",955,8,252,2092
"SIDG41955",19,0,36,6
"SIDG41964",1865,972,135,13714
"SIDG41987",751,14,146,895
"SIDG41999",183,4,12,79
"SIDG42008",944,470,216,7681
"SIDG42019",53,0,97,26
"SIDG42026",214,4,4716,840
"SIDG42027",100,1,318,284
"SIDG42030",22,0,67,25
"SIDG42038",67,0,185,93
"SIDG42081",0,1,49,1
"SIDG42085",1079,48,5223,4031
"SIDG42087",1681,95,1998,6345
"SIDG42099",487,893,280,5163
"SIDG42112",385,135,38,704
"SIDG42131",821,36,509,474
"SIDG42150",764,295,4666,156
"SIDG42152",433,1,58,225
"SIDG42175",354,7,10,0
"SIDG42205",290,180,2,1368
"SIDG42209",267,280,53,1386
"SIDG42217",365,7,19,119
"SIDG42231",115,1,426,1545
"SIDG42247",4,2,1600,3
"SIDG42252",112,54,583,11
"SIDG42271",4,84,11,558
"SIDG42280",0,0,36,0
"SIDG42285",356,167,30,1739
"SIDG42319",30,0,313,67
"SIDG42326",266,0,1135,16
"SIDG42332",7,0,35,0
"SIDG42338",9,15,0,115
"SIDG42340",63,133,25,720
"SIDG42372",22,11,0,97
"SIDG42380",30,0,25,60
"SIDG42403",25,0,264,560
"SIDG42419",48,0,71,68
"SIDG42437",202,9,93,51
"SIDG42441",70,33,2,326
"SIDG42464",3732,3116,101,17603
